"ID1","ID2","name1","name2","group1","group2","1_item1_A","1_item1_B","1_item1_C","1_item2","1_item3_A","1_item3_B","1_item3_C","1_item3_D","1_item3_E","1_item4_A","1_item4_B","1_item4_C","1_item4_D","1_item5_A","1_item5_B","1_item5_C","1_item5_D","1_item5_E","1_item5_F","1_item5_G","1_item5_H","1_item5_I","1_item6_A","1_item6_B","1_item6_C","1_item6_D","1_item7","1_item8","1_item9_A","1_item9_B","1_item9_C","1_item9_D","1_item10","1_item11","1_item12_A","1_item12_B","1_item12_C","1_item12_D","1_item12_E","1_item13_A","1_item13_B","1_item13_C","1_item13_D","1_item13_E","1_item13_F","1_item14_A","1_item14_B","1_item14_C","1_item14_D","1_item15_A","1_item15_B","1_item15_C","1_item15_D","1_item16_A","1_item16_B","1_item16_C","1_item16_D","1_item17"," 2_item2"," 2_item3_A"," 2_item3_B"," 2_item3_C"," 2_item3_D"," 2_item4_A"," 2_item4_B"," 2_item4_C"," 2_item5_A"," 2_item5_B"," 2_item5_C"," 2_item5_D"," 2_item5_E"," 2_item5_F"," 2_item5_G"," 2_item6_A"," 2_item6_B"," 2_item6_C"," 2_item6_D"," 2_item7_A"," 2_item7_B"," 2_item7_C"," 2_item8"," 2_item9_A"," 2_item9_B"," 2_item9_C"," 2_item9_D"," 2_item9_E"," 2_item9_F"," 2_item9_G"," 2_item10"," 2_item11"," 2_item12_A"," 2_item12_B"," 2_item12_C"," 2_item12_D"," 2_item12_E"," 2_item13_A"," 2_item13_B"," 2_item13_C"," 2_item13_D"," 2_item13_E"," 2_item13_F"," 2_item13_G"," 2_item14_A"," 2_item14_B"," 2_item14_C"," 2_item14_D"," 2_item15_A"," 2_item15_B"," 2_item15_C"," 2_item15_D"," 2_item16_A"," 2_item16_B"," 2_item16_C"," 2_item16_D"," 2_item17_A"," 2_item17_B"," 2_item17_C"," 2_item17_D"," 2_item17_E"," 2_item17_F"," 2_item17_G"," 2_item17_H"," 2_item17_I"," 2_item17_J"," 2_item17_K"," 2_item17_L"," 2_item17_M"," 2_item17_N"," 2_item17_O"," 2_item17_P"," 2_item17_Q"," 2_item17_R"," 2_item17_S"," 2_item17_T"
"cm5lmphcz00a9ky08ss7ukbku","cm6v1naoq00h3ib081ov8ayuc","Albatross159","Albatross159",2,"3_O",3,1,2,"Serious research misconduct is becoming more prevalent and starting to pose a threat to the research literature",5,4,5,2,5,4,1,2,4,1,1,1,1,1,1,3,1,3,2,1,5,5,"predominantly negative - it makes it too easy for vexatious individuals to raise unwarranted complaints, often under the guise of anonymity ","Neither agree nor disagree",4,1,4,1,"Agree","Agree",5,1,1,3,1,5,1,1,5,4,3,4,4,4,1,3,5,5,5,4,1,2,3,"Agree","Serious research misconduct is already common enough to pose a major threat to the research literature",5,5,2,1,5,3,3,3,5,3,2,1,5,3,5,5,5,3,4,2,3,"Moderately disagree",5,1,4,1,1,4,5,"Agree, but only if investigation found evidence of serious research misconduct","Strongly agree",4,5,5,5,5,5,3,3,1,5,2,1,1,1,3,5,5,2,5,3,2,3,1,1,5,5,5,5,5,5,5,3,1,5,3,5,1,3,5,1,5,NA,5,1
"cm610saj000ohl7086m0yn9it","cm733cqlc008zii08aefon6km","Alligator726","Alligator726",3,"1_S",3,3,2,"Serious research misconduct is becoming more prevalent and starting to pose a threat to the research literature",4,5,5,5,5,4,3,4,4,4,5,4,4,5,3,5,4,3,4,3,4,4,"predominantly negative - it makes it too easy for vexatious individuals to raise unwarranted complaints, often under the guise of anonymity ","Moderately agree",2,2,1,1,"Agree","Neutral",1,1,2,2,1,4,5,4,4,3,3,3,2,4,5,4,4,3,2,3,2,4,4,"Agree","Serious research misconduct is rare relative to the amount of published research literature",4,5,4,5,4,5,5,4,4,3,2,4,4,3,4,4,5,4,4,3,3,"Moderately agree",4,4,5,5,5,5,3,"Agree, regardless of outcome of investigation","Agree",4,3,3,3,3,4,5,4,4,5,5,4,4,4,5,4,4,4,3,3,4,4,4,4,2,3,4,5,4,4,3,4,4,3,3,4,4,4,2,2,3,3,2,4
"cm5win2fb00gnjr081ygv04n4",NA,"Alpaca162",NA,3,NA,2,1,2,"Serious research misconduct is already common enough to pose a major threat to the research literature",5,5,3,3,5,4,3,3,4,3,2,4,4,4,2,3,4,3,4,4,5,5,"neither positive nor negative on balance","Moderately agree",2,1,3,1,"Neutral","Agree",5,3,2,1,1,3,5,3,5,5,5,3,3,5,5,4,3,5,5,4,4,3,4,"Neutral",NA,NA,NA,NA,NA,NA,NA,NA,NA,NA,NA,NA,NA,NA,NA,NA,NA,NA,NA,NA,NA,NA,NA,NA,NA,NA,NA,NA,NA,NA,NA,NA,NA,NA,NA,NA,NA,NA,NA,NA,NA,NA,NA,NA,NA,NA,NA,NA,NA,NA,NA,NA,NA,NA,NA,NA,NA,NA,NA,NA,NA,NA,NA,NA,NA,NA,NA,NA,NA,NA,NA,NA,NA,NA,NA,NA
"cm5mmvczj009pmn08esbxak8w","cm74pndmo014pl208kgc0h6yd","Ant755","Ant755",1,"1_S",3,3,1,"Serious research misconduct is already common enough to pose a major threat to the research literature",4,5,4,2,4,4,1,3,4,5,4,3,4,5,2,4,3,3,4,3,5,4,"positive - it provides a route for speedy commentary when concerns are discovered","Strongly agree",1,3,2,4,"Agree","Agree",4,2,4,4,5,5,5,3,5,3,5,5,5,4,5,1,1,4,5,4,2,4,5,"Agree","Serious research misconduct is already common enough to pose a major threat to the research literature",5,5,5,3,5,3,5,4,3,5,3,5,5,4,5,3,5,4,4,4,4,"Moderately agree",1,4,1,5,4,4,4,"Agree, but only if investigation found evidence of serious research misconduct","Strongly agree",4,4,5,5,5,5,5,5,5,5,3,1,5,5,5,4,1,1,4,5,4,2,4,3,5,3,5,3,4,2,4,4,4,4,2,3,5,1,5,3,3,3,5,4
"cm5nkj0wj008ble08uii7dscg","cm71zc7ya00kxl809g8af2wry","Armadillo578","Armadillo578",3,"3_O",3,2,1,"Serious research misconduct is rare relative to the amount of published research literature",5,5,3,2,3,4,2,3,4,3,5,3,3,3,2,4,3,4,4,3,5,5,"predominantly negative - it makes it too easy for vexatious individuals to raise unwarranted complaints, often under the guise of anonymity ","Strongly agree",2,2,3,1,"Agree","Agree",1,1,2,3,4,3,3,1,5,5,4,5,5,4,4,3,4,3,4,5,2,4,3,"Agree","Serious research misconduct is rare relative to the amount of published research literature",5,5,5,3,5,3,3,4,5,3,3,3,3,3,5,5,5,5,4,2,4,"Moderately disagree",3,5,3,3,1,4,2,"Agree, but only if investigation found evidence of serious research misconduct","Strongly agree",5,3,3,3,4,4,2,5,1,5,3,2,5,4,5,5,5,5,3,4,4,1,3,3,4,4,4,4,4,5,5,3,3,3,3,5,5,1,2,4,1,4,5,3
"cm5r47gta00phlb08klfaifyg","cm72mhw08001hkz08b4trhovz","Aurochs213","Aurochs213",2,"2_R",1,3,2,"Serious research misconduct is becoming more prevalent and starting to pose a threat to the research literature",4,4,4,3,1,4,3,3,4,1,3,1,1,4,3,3,4,4,5,5,5,4,"positive - it provides a route for speedy commentary when concerns are discovered","Neither agree nor disagree",2,3,2,4,"Disagree","Neutral",2,5,5,2,1,5,3,5,5,4,1,2,2,4,5,1,1,4,4,1,1,4,1,"Agree","Serious research misconduct is becoming more prevalent and starting to pose a threat to the research literature",5,4,4,4,5,4,5,5,4,3,3,5,4,3,4,4,5,5,4,4,4,"Neither agree nor disagree",3,4,5,5,3,2,2,"Disagree","Strongly agree",5,4,1,2,3,1,5,4,4,4,2,2,4,4,2,4,1,1,4,1,4,1,1,1,1,1,4,5,4,4,1,1,5,5,5,5,3,2,4,1,4,2,5,5
"cm5uwihld00zxmn08514wvgk1","cm70ybq8y009rjr08d7tm5mum","Avocet979","Avocet979",1,"1_S",1,3,2,"Serious research misconduct is rare relative to the amount of published research literature",5,4,5,2,5,4,4,4,4,4,5,2,5,5,2,4,2,2,5,5,5,2,"positive - it provides a route for speedy commentary when concerns are discovered","Strongly agree",3,4,2,3,"Disagree","Agree",4,3,4,5,5,5,5,5,5,5,3,5,5,5,5,4,4,4,5,5,3,3,3,"Neutral","Serious research misconduct is already common enough to pose a major threat to the research literature",5,5,5,5,5,3,5,2,4,4,5,5,5,4,4,4,5,2,5,4,4,"Strongly agree",3,5,2,5,4,4,4,"Disagree","Strongly agree",5,2,4,4,5,1,5,5,5,5,5,3,5,5,5,5,1,3,5,5,5,3,4,4,4,3,2,4,3,3,3,5,2,3,3,4,3,3,4,5,5,3,5,4
"cm5nxmiif00bvla08xpfg9wex",NA,"Axolotl982",NA,3,NA,3,1,2,"Serious research misconduct is already common enough to pose a major threat to the research literature",3,3,5,1,1,1,2,4,2,2,2,1,2,1,2,5,3,1,2,1,5,5,"predominantly negative - it makes it too easy for vexatious individuals to raise unwarranted complaints, often under the guise of anonymity ","Neither agree nor disagree",3,4,3,3,"Agree","Neutral",1,4,3,4,4,5,5,3,5,5,1,4,1,4,2,3,1,2,2,5,5,5,5,"Disagree",NA,NA,NA,NA,NA,NA,NA,NA,NA,NA,NA,NA,NA,NA,NA,NA,NA,NA,NA,NA,NA,NA,NA,NA,NA,NA,NA,NA,NA,NA,NA,NA,NA,NA,NA,NA,NA,NA,NA,NA,NA,NA,NA,NA,NA,NA,NA,NA,NA,NA,NA,NA,NA,NA,NA,NA,NA,NA,NA,NA,NA,NA,NA,NA,NA,NA,NA,NA,NA,NA,NA,NA,NA,NA,NA,NA
"cm5wfjist016hmn08umsyls7b",NA,"Baboon693",NA,2,NA,3,1,1,"Serious research misconduct is rare relative to the amount of published research literature",3,4,2,4,4,4,2,4,4,4,3,5,5,3,5,5,5,4,3,3,3,3,"predominantly negative - it makes it too easy for vexatious individuals to raise unwarranted complaints, often under the guise of anonymity ","Moderately agree",2,3,1,4,"Neutral","Agree",3,2,1,3,1,2,2,3,1,2,5,4,4,5,5,3,1,5,5,4,3,2,4,"Agree",NA,NA,NA,NA,NA,NA,NA,NA,NA,NA,NA,NA,NA,NA,NA,NA,NA,NA,NA,NA,NA,NA,NA,NA,NA,NA,NA,NA,NA,NA,NA,NA,NA,NA,NA,NA,NA,NA,NA,NA,NA,NA,NA,NA,NA,NA,NA,NA,NA,NA,NA,NA,NA,NA,NA,NA,NA,NA,NA,NA,NA,NA,NA,NA,NA,NA,NA,NA,NA,NA,NA,NA,NA,NA,NA,NA
"cm5qeflpy005jju08bnstjknd","cm6pucupv0003ie08o9duffh5","Barnacle783","Barnacle783",2,"1_S",3,3,2,"Serious research misconduct is already common enough to pose a major threat to the research literature",5,2,4,4,5,4,3,3,4,5,5,3,3,4,2,4,4,3,5,5,4,5,"neither positive nor negative on balance","Moderately agree",1,4,3,2,"Agree","Neutral",2,1,3,5,4,1,5,4,5,3,4,4,5,3,5,5,5,5,5,4,1,4,5,"Disagree","Serious research misconduct is already common enough to pose a major threat to the research literature",5,2,4,4,5,5,5,5,5,3,3,4,4,4,5,5,4,5,4,1,3,"Moderately agree",5,3,3,4,3,2,2,"Agree, but only if investigation found evidence of serious research misconduct","Agree",2,2,3,5,2,1,2,5,4,5,5,5,4,5,5,3,5,5,5,5,4,1,3,5,4,3,4,5,2,5,3,4,3,3,3,4,4,4,3,4,3,3,5,5
"cm5kx80fo000xme08ql6ubi0p","cm6p0c3io01whjy08fgudt1cc","Barracuda781","Barracuda781",2,"2_R",2,1,3,"Serious research misconduct is rare relative to the amount of published research literature",1,2,3,3,1,1,2,1,1,3,1,3,2,4,NA,2,1,2,2,3,1,2,"neither positive nor negative on balance","Moderately agree",4,3,1,2,"Agree","Agree",5,1,2,4,3,2,1,2,1,1,3,1,3,3,2,1,1,2,4,2,4,3,1,"Agree","Serious research misconduct is rare relative to the amount of published research literature",5,5,4,4,3,4,5,5,3,2,2,2,2,4,3,3,5,3,2,1,1,"Strongly disagree",5,4,5,2,1,3,3,"Agree, but only if investigation found evidence of serious research misconduct","Strongly agree",4,5,4,3,2,4,5,5,4,5,5,3,2,1,5,5,5,4,4,2,3,2,3,4,2,2,4,5,1,3,4,3,4,4,3,2,3,4,4,3,4,3,5,3
"cm5ld2fxb007hlh08nk36oc5o","cm6p44nbv00ini509u8ehc85x","Bat830","Bat830",1,"1_S",2,3,1,"Serious research misconduct is already common enough to pose a major threat to the research literature",5,4,3,3,5,4,2,3,4,5,5,5,3,3,2,3,3,5,5,5,5,5,"positive - it provides a route for speedy commentary when concerns are discovered","Strongly agree",3,1,4,1,"Agree","Neutral",4,1,2,5,4,2,5,5,5,5,5,5,1,4,4,4,1,4,4,5,2,4,5,"Agree","Serious research misconduct is becoming more prevalent and starting to pose a threat to the research literature",5,5,4,4,5,4,5,5,5,4,3,3,4,3,5,5,5,5,3,4,4,"Strongly agree",5,3,4,4,3,4,3,"Agree, but only if investigation found evidence of serious research misconduct","Strongly agree",5,1,NA,5,3,1,1,5,5,5,5,4,4,2,5,4,5,2,3,5,5,4,5,4,1,2,2,5,5,3,3,3,3,4,NA,4,5,5,3,1,1,1,5,3
"cm5l195qx00idla088uscf859","cm6p2hve002prjy08738jizu2","Bear64","Bear64",1,"1_S",2,1,3,"Serious research misconduct is already common enough to pose a major threat to the research literature",3,4,5,1,2,1,4,3,2,2,4,1,2,3,2,4,4,4,5,3,4,2,"neither positive nor negative on balance","Moderately agree",2,1,2,4,"Agree","Agree",1,5,3,2,4,5,2,5,1,4,3,5,2,3,4,1,1,5,4,5,1,2,3,"Agree","Serious research misconduct is becoming more prevalent and starting to pose a threat to the research literature",2,2,4,5,4,5,2,2,4,1,3,2,5,3,5,4,3,2,4,2,3,"Moderately agree",3,1,2,2,3,4,3,"Agree, regardless of outcome of investigation","Strongly agree",3,1,2,2,3,1,4,4,5,5,5,4,2,3,4,3,1,1,5,4,4,2,3,3,2,2,2,4,3,2,2,1,5,3,3,2,2,5,4,3,1,5,4,3
"cm5m2095d001rmk08ngpfmqxo","cm70mwt0q01xhjx08d0gcib34","Bison724","Bison724",3,"1_S",3,3,2,"Serious research misconduct is becoming more prevalent and starting to pose a threat to the research literature",5,4,4,4,5,4,3,4,4,4,3,4,3,2,4,5,4,3,4,4,5,5,"predominantly negative - it makes it too easy for vexatious individuals to raise unwarranted complaints, often under the guise of anonymity ","Moderately agree",3,2,4,2,"Agree","Agree",4,3,4,4,5,5,5,5,4,3,2,2,2,4,5,3,4,5,5,3,2,5,4,"Agree","Serious research misconduct is rare relative to the amount of published research literature",5,4,5,3,5,5,5,4,5,3,3,5,4,4,4,5,5,3,4,3,4,"Moderately disagree",4,3,4,3,3,5,5,"Agree, but only if investigation found evidence of serious research misconduct","Agree",4,3,4,4,4,1,4,5,5,5,3,3,3,3,5,5,3,4,5,5,4,2,5,5,3,3,4,4,2,5,5,5,4,2,4,4,4,5,5,4,2,3,4,2
"cm5nxecaw008nla08kk0w1c5v","cm6yusffv00i9le087oturff6","Butterfly896","Butterfly896",2,"2_R",2,2,3,"Serious research misconduct is becoming more prevalent and starting to pose a threat to the research literature",5,5,5,5,5,4,3,4,4,4,5,5,5,5,4,5,5,5,3,2,5,5,"neither positive nor negative on balance","Moderately disagree",4,1,2,1,"Agree","Agree",1,1,1,1,2,3,5,5,5,5,5,3,4,5,5,5,4,5,1,4,1,3,4,"Agree","Serious research misconduct is becoming more prevalent and starting to pose a threat to the research literature",5,5,4,4,5,4,5,3,3,5,5,5,4,3,2,3,5,5,4,4,3,"Moderately disagree",4,4,4,5,5,4,5,"Agree, but only if investigation found evidence of serious research misconduct","Agree",5,5,4,4,5,1,3,4,5,5,5,5,4,4,5,5,5,4,5,1,5,1,3,2,4,5,5,5,4,3,5,3,3,4,5,5,4,3,4,4,5,5,5,4
"cm5qjtfx600r3jo08osv8xtj3",NA,"Caiman593",NA,1,NA,2,3,2,"Serious research misconduct is already common enough to pose a major threat to the research literature",5,4,3,2,4,4,2,2,4,3,5,1,3,4,2,4,2,1,3,3,5,4,"positive - it provides a route for speedy commentary when concerns are discovered","Neither agree nor disagree",2,3,1,4,"Agree","Agree",5,4,1,2,3,3,4,5,5,4,4,3,3,4,5,3,3,4,5,5,3,4,5,"Agree",NA,NA,NA,NA,NA,NA,NA,NA,NA,NA,NA,NA,NA,NA,NA,NA,NA,NA,NA,NA,NA,NA,NA,NA,NA,NA,NA,NA,NA,NA,NA,NA,NA,NA,NA,NA,NA,NA,NA,NA,NA,NA,NA,NA,NA,NA,NA,NA,NA,NA,NA,NA,NA,NA,NA,NA,NA,NA,NA,NA,NA,NA,NA,NA,NA,NA,NA,NA,NA,NA,NA,NA,NA,NA,NA,NA
"cm5nsvsqs00x1mn08tgnvbmrn","cm6p46eto00jti509zv07iaug","Capybara505","Capybara505",1,"1_S",2,1,3,"Serious research misconduct is already common enough to pose a major threat to the research literature",2,3,4,3,5,2,2,4,4,3,5,3,3,2,1,3,4,2,5,5,3,3,"positive - it provides a route for speedy commentary when concerns are discovered","Strongly agree",4,3,2,1,"Agree","Agree",2,5,4,3,1,5,5,3,5,5,5,5,5,5,2,1,1,5,5,4,2,1,4,"Neutral","Serious research misconduct is already common enough to pose a major threat to the research literature",5,5,5,5,3,5,5,5,5,1,3,3,2,3,5,5,5,5,5,4,4,"Strongly agree",1,2,1,3,1,2,5,"Agree, regardless of outcome of investigation","Agree",4,1,1,5,5,3,5,5,3,5,3,2,4,5,4,4,1,1,5,5,5,3,2,3,2,2,2,3,3,4,2,2,2,3,2,2,2,4,4,2,3,4,5,4
"cm5l6lsyp005dme08or48767l","cm71uoa2200dll509v73xdiks","Caterpillar546","Caterpillar546",2,"2_R",3,2,1,"Serious research misconduct is rare relative to the amount of published research literature",4,5,4,3,5,4,1,2,4,NA,1,5,4,1,2,2,4,3,2,2,4,3,"neither positive nor negative on balance","Strongly agree",3,2,4,2,"Agree","Agree",5,5,4,3,5,5,5,4,5,5,4,1,2,5,5,5,5,2,3,2,1,2,5,"Agree","Serious research misconduct is already common enough to pose a major threat to the research literature",5,5,5,5,5,4,3,4,3,5,1,1,2,4,3,3,5,2,5,1,2,"Moderately agree",5,2,4,2,2,2,3,"Agree, but only if investigation found evidence of serious research misconduct","Strongly agree",4,5,NA,5,5,3,5,5,5,3,5,4,3,4,5,4,4,5,3,4,4,4,3,3,4,5,1,4,2,5,3,4,2,4,4,5,3,5,2,4,3,2,3,2
"cm5ln2ul900bxky08w46gvk8k","cm6tn5ujw00gzl8080ych6418","Chameleon166","Chameleon166",2,"2_R",3,2,1,"Serious research misconduct is already common enough to pose a major threat to the research literature",5,4,3,3,5,4,3,3,4,5,2,4,4,4,2,3,3,2,3,2,5,5,"predominantly negative - it makes it too easy for vexatious individuals to raise unwarranted complaints, often under the guise of anonymity ","Moderately agree",3,2,1,1,"Agree","Agree",5,4,5,4,4,4,5,5,5,5,5,4,4,4,5,5,3,4,5,3,2,4,4,"Agree","Serious research misconduct is already common enough to pose a major threat to the research literature",5,5,5,3,5,5,5,5,4,4,4,3,3,3,3,4,5,5,2,3,4,"Moderately disagree",2,4,4,5,5,3,3,"Agree, regardless of outcome of investigation","Neutral",5,5,4,4,4,1,3,2,5,5,5,4,4,4,5,4,4,5,5,5,2,4,4,2,3,2,5,4,4,4,4,3,5,5,5,5,5,5,5,3,5,4,5,3
"cm5l2y536012hla081jz7qnav","cm6v5h4he00sxk108thlv9z0a","Cheetah375","Cheetah375",1,"1_S",3,2,1,"Serious research misconduct is already common enough to pose a major threat to the research literature",5,4,5,5,5,3,2,3,4,4,4,3,3,4,4,4,2,3,2,2,5,5,"neither positive nor negative on balance","Strongly agree",1,2,3,4,"Agree","Neutral",3,1,4,4,5,4,5,4,5,5,3,4,4,5,3,3,3,3,3,4,4,5,3,"Agree","Serious research misconduct is already common enough to pose a major threat to the research literature",5,4,5,3,4,3,5,4,5,5,5,3,3,3,4,5,4,5,5,3,3,"Moderately agree",3,3,3,5,5,3,4,"Disagree","Disagree",5,3,3,5,5,4,4,4,5,4,5,4,4,4,4,5,3,5,5,2,4,3,5,5,1,1,1,4,3,2,5,4,2,1,2,1,2,2,3,2,2,3,3,3
"cm5o211jl00ipme0950fcpgmq","cm6vy6q9j00dpla089esdb5rt","Chicken118","Chicken118",1,"1_S",2,3,1,"Serious research misconduct is already common enough to pose a major threat to the research literature",3,5,3,4,2,2,1,4,3,2,5,5,5,4,2,3,3,3,4,4,3,3,"positive - it provides a route for speedy commentary when concerns are discovered","Strongly agree",3,2,4,4,"Agree","Agree",3,1,2,5,4,4,5,5,5,5,5,4,4,5,5,3,3,5,5,5,4,1,4,"Neutral","Serious research misconduct is becoming more prevalent and starting to pose a threat to the research literature",2,4,5,3,3,4,5,2,3,4,5,2,3,4,5,3,4,4,3,5,5,"Strongly agree",1,2,2,4,4,4,3,"Agree, regardless of outcome of investigation","Strongly agree",1,2,4,3,5,1,4,5,5,5,5,5,4,4,5,5,3,1,5,5,5,1,3,4,4,1,1,4,3,2,1,4,5,1,2,1,5,3,4,5,4,3,5,5
"cm5l6hp2b0021me085gdcypju","cm6s343e7015pky08afpzrzwj","Chipmunk851","Chipmunk851",2,"2_R",1,1,1,"Serious research misconduct is becoming more prevalent and starting to pose a threat to the research literature",5,5,5,5,5,4,4,4,4,3,4,4,5,5,4,5,5,5,5,5,5,5,"predominantly negative - it makes it too easy for vexatious individuals to raise unwarranted complaints, often under the guise of anonymity ","Moderately agree",4,4,4,4,"Disagree","Agree",1,1,1,1,1,3,5,5,5,5,5,5,1,5,5,5,5,3,5,5,1,3,5,"Neutral","Serious research misconduct is becoming more prevalent and starting to pose a threat to the research literature",5,5,5,5,5,3,1,5,5,5,3,4,4,3,5,5,5,5,5,4,4,"Strongly agree",2,3,4,4,5,3,2,"Agree, but only if investigation found evidence of serious research misconduct","Strongly agree",3,3,3,4,4,3,2,5,5,5,5,3,5,5,5,5,4,4,3,4,5,2,4,4,2,2,5,4,4,5,4,2,5,3,3,5,4,4,4,3,5,3,5,5
"cm5l5iefx00n1mh08x72y6mb1","cm6p5u2u501cji5099ulfcdxr","Civet106","Civet106",3,"3_O",1,3,2,"Serious research misconduct is rare relative to the amount of published research literature",5,5,3,3,5,4,2,4,4,2,3,2,2,5,2,4,2,4,4,2,2,2,"positive - it provides a route for speedy commentary when concerns are discovered","Strongly agree",4,3,1,2,"Disagree","Agree",2,3,3,3,3,2,5,2,5,5,4,3,2,5,4,1,1,5,5,5,2,2,4,"Agree","Serious research misconduct is rare relative to the amount of published research literature",4,5,5,3,3,5,5,4,5,2,2,5,4,4,5,5,3,3,2,2,5,"Strongly disagree",2,5,4,5,4,2,4,"Agree, but only if investigation found evidence of serious research misconduct","Agree",2,4,4,5,4,2,3,5,3,5,5,5,4,4,5,5,2,4,5,5,5,2,2,4,1,5,NA,4,4,5,1,2,2,5,5,1,1,1,1,5,1,4,1,1
"cm5va0qzm00ozl108mywi509s","cm6wgzf04000pjx08p231nifn","Cockatoo261","Cockatoo261",3,"3_O",1,3,2,"Serious research misconduct is becoming more prevalent and starting to pose a threat to the research literature",5,5,3,3,5,4,2,4,4,4,2,1,2,3,3,4,5,5,4,5,5,4,"neither positive nor negative on balance","Neither agree nor disagree",4,3,2,1,"Agree","Agree",3,1,2,2,2,5,4,3,4,5,NA,5,3,4,5,5,5,5,5,4,4,5,5,"Agree","Serious research misconduct is becoming more prevalent and starting to pose a threat to the research literature",5,4,3,4,5,4,5,2,4,2,2,3,5,5,5,4,5,4,2,5,4,"Strongly agree",2,4,4,5,4,3,4,"Agree, but only if investigation found evidence of serious research misconduct","Strongly agree",3,3,4,5,5,2,4,4,3,5,5,5,3,5,5,4,4,4,5,5,3,4,5,4,5,4,2,4,5,4,4,4,5,4,2,2,5,4,5,4,4,2,4,5
"cm5p1nayw0047jr08xvq3z8n4","cm727sdwc009zl1085ksja2c2","Cow433","Cow433",2,"2_R",1,3,2,"Serious research misconduct is becoming more prevalent and starting to pose a threat to the research literature",5,5,3,4,5,4,3,4,4,4,5,5,5,3,3,5,5,3,4,4,5,5,"positive - it provides a route for speedy commentary when concerns are discovered","Moderately disagree",3,2,1,4,"Agree","Agree",5,5,2,3,2,5,5,2,5,5,2,5,4,4,5,5,4,3,5,4,1,1,3,"Agree","Serious research misconduct is becoming more prevalent and starting to pose a threat to the research literature",4,5,3,3,3,3,5,2,3,4,4,2,3,2,2,3,5,5,4,2,3,"Moderately disagree",3,2,4,4,4,2,2,"Agree, but only if investigation found evidence of serious research misconduct","Strongly agree",5,5,3,4,1,1,4,5,2,5,5,1,5,5,5,3,5,4,3,3,4,1,2,2,1,3,4,5,3,5,3,3,4,2,2,5,3,1,4,4,2,2,4,3
"cm5kzpb7m00ermp0819wqklhu","cm6p1vbsh00bdl708q76zztjf","Crab843","Crab843",1,"1_S",2,1,3,"Serious research misconduct is already common enough to pose a major threat to the research literature",5,5,5,5,3,4,1,3,4,2,5,4,4,2,1,3,3,2,5,4,5,4,"positive - it provides a route for speedy commentary when concerns are discovered","Strongly agree",4,1,3,2,"Neutral","Agree",1,5,4,3,2,5,5,3,5,5,5,5,5,3,5,3,2,5,5,5,1,2,5,"Disagree","Serious research misconduct is already common enough to pose a major threat to the research literature",5,5,5,5,5,4,3,3,5,2,3,2,3,2,5,5,4,4,5,4,4,"Strongly agree",3,5,4,4,4,4,3,"Agree, regardless of outcome of investigation","Strongly agree",5,1,2,5,5,1,5,5,4,5,5,5,5,5,4,4,4,2,4,5,5,2,2,5,4,4,3,3,4,2,2,4,3,2,2,3,4,4,1,2,1,3,5,5
"cm5s3gt7e00f9js08etaye4p8","cm6v0qzxo009fib0869zr4h7m","Crocodile810","Crocodile810",1,"1_S",3,3,3,"Serious research misconduct is already common enough to pose a major threat to the research literature",5,5,5,5,4,4,3,3,4,3,5,1,1,3,1,2,2,3,3,2,1,2,"neither positive nor negative on balance","Strongly agree",1,4,1,3,"Agree","Agree",5,4,5,5,5,5,5,3,5,5,5,5,5,3,5,1,1,5,5,3,1,1,1,"Disagree","Serious research misconduct is already common enough to pose a major threat to the research literature",1,1,1,3,1,5,1,4,2,5,5,4,4,4,2,2,1,4,5,3,5,"Strongly agree",5,1,4,2,4,4,4,"Agree, regardless of outcome of investigation","Strongly agree",1,3,3,1,1,3,1,1,3,1,1,1,1,1,1,2,5,5,1,1,2,5,5,4,5,5,5,5,5,5,5,5,5,5,5,5,5,5,5,5,5,5,5,5
"cm5twjq7a00l1mk08x1jnmh4i","cm72knvmj00p3kw085g44tpom","Deer227","Deer227",2,"2_R",2,1,3,"Serious research misconduct is becoming more prevalent and starting to pose a threat to the research literature",4,5,4,4,3,4,2,2,3,3,3,2,1,4,1,5,3,5,4,4,5,4,"predominantly negative - it makes it too easy for vexatious individuals to raise unwarranted complaints, often under the guise of anonymity ","Moderately agree",1,4,2,3,"Agree","Disagree",1,2,4,3,5,3,5,4,3,4,1,3,3,4,2,5,1,4,4,4,2,4,3,"Disagree","Serious research misconduct is becoming more prevalent and starting to pose a threat to the research literature",4,5,4,4,4,2,3,3,4,2,1,4,5,3,4,4,5,4,4,2,3,"Moderately agree",5,2,3,2,2,2,1,"Neutral","Strongly disagree",1,2,4,3,5,4,3,5,4,3,4,1,3,3,2,4,5,1,4,4,4,2,4,3,1,1,3,2,1,1,4,2,1,3,1,5,1,1,1,4,1,1,4,4
"cm5r5ffxt0137lb08qyyh0ey1","cm6qp3h8e001vle08p99e70xw","Dingo39","Dingo39",2,"2_R",3,1,2,"Serious research misconduct is rare relative to the amount of published research literature",2,3,4,5,5,4,4,4,4,5,5,5,5,4,4,4,3,4,4,5,4,5,"neither positive nor negative on balance","Neither agree nor disagree",2,2,4,3,"Agree","Agree",3,5,5,4,4,5,5,4,4,5,4,5,5,5,5,1,3,5,5,4,4,3,5,"Agree","Serious research misconduct is rare relative to the amount of published research literature",4,5,5,5,5,5,5,5,5,4,5,4,5,5,4,5,4,5,5,4,5,"Strongly agree",5,4,5,5,4,4,4,"Agree, regardless of outcome of investigation","Strongly agree",2,4,5,1,3,3,4,5,4,5,5,4,5,5,5,4,5,5,5,4,4,5,5,5,5,4,5,5,5,5,5,5,4,5,5,5,5,4,5,5,5,5,5,5
"cm5s2ymq100bjjs0870dij50y","cm721j3bn022nk0080sj4uwn1","Dog769","Dog769",3,"3_O",3,2,1,"Serious research misconduct is already common enough to pose a major threat to the research literature",5,1,1,2,4,3,2,2,4,2,3,1,2,4,1,3,4,1,5,2,5,3,"positive - it provides a route for speedy commentary when concerns are discovered","Strongly agree",1,4,2,3,"Agree","Agree",1,4,5,2,2,5,5,5,5,5,5,5,5,2,5,1,2,4,5,5,1,3,3,"Neutral","Serious research misconduct is already common enough to pose a major threat to the research literature",5,3,2,2,5,5,5,3,4,2,1,3,3,3,4,4,5,3,4,3,4,"Moderately agree",4,2,3,1,1,1,2,"Agree, regardless of outcome of investigation","Strongly agree",5,2,2,3,3,2,5,3,5,5,5,3,4,5,5,4,1,2,4,5,5,1,4,3,5,4,4,4,2,4,4,4,1,2,2,4,3,1,2,2,3,3,4,3
"cm5p8qrb900ktji08vhx0xggn","cm6rohnju001tl508z92z6ck8","Dog883","Dog883",2,"3_O",3,2,1,"Serious research misconduct is becoming more prevalent and starting to pose a threat to the research literature",5,5,3,3,5,4,2,4,4,5,5,5,2,3,4,4,4,5,3,3,5,4,"neither positive nor negative on balance","Strongly agree",3,4,2,1,"Agree","Agree",5,4,4,4,4,3,5,5,5,5,5,4,5,5,5,5,5,3,5,4,5,5,5,"Agree","Serious research misconduct is already common enough to pose a major threat to the research literature",5,5,4,5,4,4,5,5,3,5,4,4,5,3,2,3,5,4,5,1,2,"Moderately disagree",4,3,5,4,3,5,5,"Agree, but only if investigation found evidence of serious research misconduct","Strongly agree",4,4,4,5,4,1,2,5,5,5,5,5,1,4,3,4,5,4,4,5,5,4,5,5,5,5,5,5,3,3,4,5,4,4,5,4,4,5,4,4,4,3,4,4
"cm60pfxdx001xjx081g74ol09",NA,"Donkey57",NA,2,NA,2,1,3,"Serious research misconduct is already common enough to pose a major threat to the research literature",5,5,4,4,5,4,3,3,4,3,1,2,2,4,2,3,4,3,2,3,5,3,"positive - it provides a route for speedy commentary when concerns are discovered","Moderately agree",1,4,2,3,"Agree","Neutral",4,1,1,1,2,2,5,5,5,5,5,4,3,5,4,5,4,5,5,4,5,2,5,"Agree",NA,NA,NA,NA,NA,NA,NA,NA,NA,NA,NA,NA,NA,NA,NA,NA,NA,NA,NA,NA,NA,NA,NA,NA,NA,NA,NA,NA,NA,NA,NA,NA,NA,NA,NA,NA,NA,NA,NA,NA,NA,NA,NA,NA,NA,NA,NA,NA,NA,NA,NA,NA,NA,NA,NA,NA,NA,NA,NA,NA,NA,NA,NA,NA,NA,NA,NA,NA,NA,NA,NA,NA,NA,NA,NA,NA
"cm5r0w3jw00b1mn08arpvu957","cm6s0vrxk0139ji08w2cuky9i","Dormouse932","Dormouse932",2,"2_R",2,3,1,"Serious research misconduct is already common enough to pose a major threat to the research literature",3,3,3,3,3,4,3,2,3,4,4,4,4,3,2,4,4,4,4,2,4,3,"neither positive nor negative on balance","Moderately agree",2,3,2,3,"Agree","Agree",3,5,4,4,4,2,3,4,4,4,3,3,4,4,4,2,2,5,4,4,4,4,4,"Neutral","Serious research misconduct is already common enough to pose a major threat to the research literature",4,4,5,4,4,2,4,4,3,4,4,3,4,4,3,3,5,3,3,2,2,"Moderately disagree",4,4,3,3,3,3,3,"Agree, but only if investigation found evidence of serious research misconduct","Strongly agree",4,5,4,4,4,5,2,3,3,5,4,3,4,4,5,5,2,2,4,4,4,4,2,NA,3,3,3,4,3,2,3,3,3,4,3,3,3,3,3,3,3,2,4,3
"cm60pkke0004rjx08chyr8be1","cm750j96b00qzlb08h8sotb26","Dragonfly634","Dragonfly634",3,"3_O",3,1,2,"Serious research misconduct is already common enough to pose a major threat to the research literature",5,3,3,2,4,3,2,3,4,5,5,3,3,4,2,2,4,1,5,5,4,2,"positive - it provides a route for speedy commentary when concerns are discovered","Strongly agree",4,2,3,1,"Agree","Agree",4,5,3,2,1,3,5,3,4,5,2,4,4,3,3,1,2,5,5,5,3,4,5,"Agree","Serious research misconduct is becoming more prevalent and starting to pose a threat to the research literature",4,4,3,4,5,4,4,3,3,4,4,5,4,3,4,3,5,2,2,3,4,"Strongly agree",3,5,4,5,3,4,4,"Agree, but only if investigation found evidence of serious research misconduct","Strongly agree",2,2,2,4,4,2,5,4,4,4,5,3,5,4,4,4,3,3,4,5,5,3,4,3,2,4,3,4,2,3,5,3,3,2,2,1,1,3,2,2,3,4,4,3
"cm5pr246a00z1la083bx8r5h0","cm6v4cs6r00d5k108v1pr6ffo","Duck162","Duck162",1,"1_S",1,3,2,"Serious research misconduct is already common enough to pose a major threat to the research literature",5,5,5,3,5,4,3,4,4,5,5,3,5,5,1,5,3,3,4,4,5,4,"positive - it provides a route for speedy commentary when concerns are discovered","Strongly agree",4,1,3,2,"Agree","Agree",5,4,1,3,2,5,5,3,5,5,3,5,5,4,4,4,3,5,5,5,2,4,5,"Agree","Serious research misconduct is already common enough to pose a major threat to the research literature",5,5,5,5,5,5,5,5,5,5,5,5,5,3,5,5,5,3,5,5,5,"Strongly agree",2,4,3,2,2,1,4,"Agree, regardless of outcome of investigation","Strongly agree",5,4,4,5,5,5,5,5,4,5,5,2,5,5,5,3,5,2,5,5,5,1,4,5,3,3,3,3,3,3,5,5,3,3,5,5,3,2,5,2,2,2,2,5
"cm5qlmxwj00bhl108qa6p6ll3","cm71tsrdm015ll108kj6r5t20","Eagle284","Eagle284",3,"2_R",3,3,2,"Serious research misconduct is rare relative to the amount of published research literature",5,4,3,2,4,4,2,3,4,2,3,2,4,4,3,2,3,2,5,5,3,3,"neither positive nor negative on balance","Neither agree nor disagree",2,3,1,4,"Neutral","Agree",1,2,3,4,5,5,5,4,5,5,5,3,3,5,5,4,3,5,4,3,2,2,3,"Disagree","Serious research misconduct is rare relative to the amount of published research literature",5,5,4,4,5,5,5,4,3,4,4,4,2,3,5,3,4,3,4,4,4,"Neither agree nor disagree",5,3,4,5,1,4,2,"Neutral","Agree",5,4,3,4,3,3,5,5,3,5,5,2,5,4,4,5,4,4,4,4,3,3,4,4,3,4,5,3,3,4,5,4,4,3,5,3,3,4,3,4,5,4,4,5
"cm5wmk5c200fpkt08t6w5me5a","cm6p428oa01lbl708gyg3dqyo","Earwig842","Earwig842",1,"1_S",3,3,2,"Serious research misconduct is becoming more prevalent and starting to pose a threat to the research literature",5,4,3,3,4,4,3,3,4,3,5,3,4,4,3,3,4,3,4,4,4,3,"neither positive nor negative on balance","Strongly agree",3,3,2,2,"Agree","Agree",3,2,5,3,5,4,4,4,5,5,4,5,5,3,5,3,3,5,5,5,4,4,4,"Agree","Serious research misconduct is rare relative to the amount of published research literature",5,4,3,3,4,3,3,3,4,3,4,4,3,3,4,4,4,3,5,3,3,"Strongly agree",3,3,3,2,2,2,2,"Agree, regardless of outcome of investigation","Strongly agree",3,2,5,3,5,4,4,4,5,5,4,4,5,5,4,5,3,3,5,5,5,4,3,4,5,3,5,4,3,5,3,3,4,4,3,4,5,4,3,4,4,4,5,4
"cm5noxusz007vl2084ioucd0v","cm6q98huv00c1l308ca6qbky7","Eel399","Eel399",3,"3_O",2,3,2,"Serious research misconduct is rare relative to the amount of published research literature",4,4,3,2,5,4,2,2,4,4,3,2,3,4,2,4,2,2,4,4,3,2,"neither positive nor negative on balance","Neither agree nor disagree",4,1,3,3,"Agree","Agree",5,3,4,3,3,5,5,3,5,4,4,4,3,4,4,3,3,4,4,3,3,4,4,"Agree","Serious research misconduct is becoming more prevalent and starting to pose a threat to the research literature",5,3,5,2,5,3,5,5,2,1,4,2,4,3,4,2,3,4,5,2,4,"Moderately agree",4,2,4,3,3,4,3,"Agree, but only if investigation found evidence of serious research misconduct","Agree",5,4,3,4,4,1,5,5,5,5,5,5,4,4,4,3,3,3,4,5,3,2,4,4,4,2,4,4,2,3,4,4,1,1,1,5,3,2,5,2,1,2,4,5
"cm5pjhmtz002fjs083045ukzz","cm721vsoi017vl408zpvb9xn8","Elephant434","Elephant434",2,"2_R",1,3,2,"Serious research misconduct is already common enough to pose a major threat to the research literature",5,5,4,3,3,4,2,1,3,5,5,2,3,4,1,1,4,2,3,1,5,4,"neither positive nor negative on balance","Neither agree nor disagree",4,3,2,1,"Agree","Agree",1,2,3,4,5,5,5,4,5,4,3,5,3,5,5,5,4,5,2,4,2,3,4,"Agree","Serious research misconduct is becoming more prevalent and starting to pose a threat to the research literature",5,5,5,4,5,3,5,5,2,3,4,5,3,3,3,2,5,3,4,3,4,"Moderately disagree",2,2,3,5,1,4,2,"Agree, but only if investigation found evidence of serious research misconduct","Agree",5,4,4,3,2,3,2,5,4,5,4,2,4,3,5,5,5,4,4,2,4,1,3,4,2,5,4,3,3,4,5,4,3,5,5,4,2,2,3,5,2,4,3,2
"cm5meyzzf018vl408j2nltoqy",NA,"Emu823",NA,1,NA,1,3,2,"Serious research misconduct is already common enough to pose a major threat to the research literature",5,4,4,3,5,4,3,4,4,3,5,3,4,4,4,5,4,5,4,5,4,4,"neither positive nor negative on balance","Strongly agree",4,4,2,1,"Disagree","Agree",1,2,2,3,1,5,NA,4,5,5,3,5,5,5,5,5,5,4,3,4,1,4,3,"Agree",NA,NA,NA,NA,NA,NA,NA,NA,NA,NA,NA,NA,NA,NA,NA,NA,NA,NA,NA,NA,NA,NA,NA,NA,NA,NA,NA,NA,NA,NA,NA,NA,NA,NA,NA,NA,NA,NA,NA,NA,NA,NA,NA,NA,NA,NA,NA,NA,NA,NA,NA,NA,NA,NA,NA,NA,NA,NA,NA,NA,NA,NA,NA,NA,NA,NA,NA,NA,NA,NA,NA,NA,NA,NA,NA,NA
"cm5yjk6v500z5l7086tt0r6n5","cm72acmnc0009l7082ndfnhaa","Falcon664","Falcon664",1,"1_S",2,3,1,"Serious research misconduct is already common enough to pose a major threat to the research literature",3,4,4,2,2,4,2,2,3,4,5,3,3,3,2,3,4,3,3,3,3,3,"positive - it provides a route for speedy commentary when concerns are discovered","Strongly agree",4,2,1,1,"Neutral","Agree",1,2,3,2,3,5,5,5,5,4,2,4,5,4,4,3,1,4,5,5,2,4,3,"Disagree","Serious research misconduct is already common enough to pose a major threat to the research literature",5,4,5,4,5,3,4,4,3,4,4,3,4,4,2,3,4,3,5,3,4,"Strongly agree",3,2,3,4,1,1,2,"Agree, but only if investigation found evidence of serious research misconduct","Neutral",3,4,4,4,3,2,5,5,5,5,2,1,5,5,4,5,4,2,4,4,4,1,4,4,1,5,2,3,1,1,4,4,2,2,5,1,1,1,4,5,4,4,1,4
"cm5l10on200txjg08gey1uk2x","cm6p9hqa0008zla08s6i6xog4","Ferret787","Ferret787",1,"3_O",3,1,2,"Serious research misconduct is rare relative to the amount of published research literature",1,1,3,3,2,1,3,3,2,1,4,3,3,3,4,2,2,3,1,4,3,3,"positive - it provides a route for speedy commentary when concerns are discovered","Moderately agree",3,4,2,1,"Agree","Agree",5,4,3,1,2,1,1,3,1,1,1,3,4,3,4,1,2,5,5,4,2,3,5,"Agree","Serious research misconduct is rare relative to the amount of published research literature",4,3,4,3,3,4,4,3,2,2,3,4,4,4,3,2,4,4,2,3,3,"Moderately agree",5,3,4,3,3,3,4,"Agree, regardless of outcome of investigation","Strongly agree",2,3,4,4,4,1,5,5,3,4,5,5,2,2,3,4,2,3,5,5,4,2,3,4,2,2,4,3,2,4,4,5,3,2,4,2,3,2,3,2,3,3,4,4
"cm5mvie1300q1l508hmnz5xfz","cm6pcc3nb00qnla08p5f7azl0","Fox425","Fox425",1,"1_S",3,2,3,"Serious research misconduct is already common enough to pose a major threat to the research literature",1,1,5,1,5,1,4,1,1,1,1,1,5,1,1,1,1,1,5,5,1,1,"positive - it provides a route for speedy commentary when concerns are discovered","Strongly agree",1,4,1,1,"Agree","Agree",1,1,1,5,1,5,5,5,5,5,5,5,1,1,3,1,5,5,5,5,1,1,1,"Disagree","Serious research misconduct is already common enough to pose a major threat to the research literature",3,1,3,5,1,1,1,3,5,1,5,1,5,1,5,5,5,1,5,5,5,"Strongly agree",1,5,1,1,1,5,1,"Agree, regardless of outcome of investigation","Strongly agree",1,1,1,1,2,1,5,5,3,5,5,5,5,1,5,2,1,5,5,5,5,1,1,5,1,1,1,1,1,1,1,1,1,5,1,1,1,5,5,1,1,5,5,5
"cm5p9rfjc011nji08620cb3yu","cm6z5vsyc02z1l809c4l1973j","Fox532","Fox532",1,"1_S",1,3,2,"Serious research misconduct is already common enough to pose a major threat to the research literature",5,4,5,2,5,4,2,3,4,5,3,2,4,2,2,3,4,2,5,4,5,3,"positive - it provides a route for speedy commentary when concerns are discovered","Strongly agree",2,3,1,4,"Agree","Agree",3,1,5,2,4,5,5,4,5,5,3,5,5,4,3,3,4,5,5,5,2,4,3,"Agree","Serious research misconduct is already common enough to pose a major threat to the research literature",5,4,4,5,4,3,4,5,4,2,4,4,4,4,5,4,5,3,5,4,5,"Strongly agree",1,4,1,5,4,2,4,"Agree, but only if investigation found evidence of serious research misconduct","Strongly agree",5,1,4,5,4,2,5,5,4,5,5,5,5,5,3,4,3,4,5,5,5,2,3,3,4,4,2,5,2,1,4,5,4,4,5,5,5,5,5,3,3,2,5,3
"cm5ufqd6y005jmn087ba8x2ah","cm72y293n004djo08swqdzmyr","Frog497","Frog497",1,"1_S",1,3,2,"Serious research misconduct is already common enough to pose a major threat to the research literature",5,4,2,1,3,4,1,2,3,3,5,1,1,2,1,2,1,1,3,3,5,5,"positive - it provides a route for speedy commentary when concerns are discovered","Strongly agree",4,1,3,3,"Agree","Agree",1,5,3,2,3,4,1,2,3,2,2,5,5,5,5,1,2,5,5,5,2,2,3,"Agree","Serious research misconduct is already common enough to pose a major threat to the research literature",5,4,5,3,5,4,3,4,4,3,3,2,2,2,4,4,5,5,5,2,4,"Strongly agree",1,5,1,4,3,4,4,"Agree, regardless of outcome of investigation","Strongly agree",4,1,2,3,3,1,4,5,5,5,4,3,5,5,5,5,1,2,5,5,5,2,2,2,3,2,5,2,3,3,2,3,4,4,3,3,3,4,4,3,2,2,4,3
"cm5kyx3p90007mp08ucldrzye","cm6p4uoo201ypl708pk8bu5mn","Gecko182","Gecko182",2,"2_R",2,1,3,"Serious research misconduct is rare relative to the amount of published research literature",3,5,5,4,3,4,2,2,4,1,1,1,1,1,4,4,5,4,1,1,4,4,"predominantly negative - it makes it too easy for vexatious individuals to raise unwarranted complaints, often under the guise of anonymity ","Moderately agree",4,3,1,2,"Agree","Agree",4,1,2,5,3,1,5,4,5,4,3,3,4,4,2,4,1,5,1,1,3,4,4,"Agree","Serious research misconduct is rare relative to the amount of published research literature",5,5,3,5,5,3,5,2,2,2,2,1,4,5,3,2,3,3,2,2,1,"Strongly disagree",5,3,5,3,1,4,1,"Neutral","Agree",5,4,NA,2,3,4,2,5,5,5,5,2,1,2,2,4,5,3,5,2,1,4,1,2,1,1,4,2,3,4,4,5,5,2,5,5,3,3,5,4,1,1,5,3
"cm5qsspjm00f9le080y1g1scw","cm6w5e3ji001pk408e8btnt46","Gerbil769","Gerbil769",3,"3_O",3,3,1,"Serious research misconduct is already common enough to pose a major threat to the research literature",5,5,3,3,5,4,2,3,4,5,4,3,5,3,1,2,4,2,2,2,5,5,"neither positive nor negative on balance","Neither agree nor disagree",1,2,3,4,"Agree","Agree",5,5,4,4,3,5,5,4,5,5,3,5,5,5,5,4,4,5,5,4,1,4,5,"Agree","Serious research misconduct is already common enough to pose a major threat to the research literature",5,5,5,5,5,4,5,4,4,5,5,5,4,5,4,4,5,4,5,4,5,"Moderately agree",2,2,4,5,1,3,3,"Agree, but only if investigation found evidence of serious research misconduct","Strongly agree",4,5,5,4,4,5,5,4,3,5,4,1,5,4,5,5,5,4,5,2,4,4,3,4,1,2,4,3,5,2,5,4,4,5,5,5,2,1,5,5,5,2,4,3
"cm5l5fyls00l5mh080fw30ga6","cm6us8xkt00ubib0827gpxuz2","Gibbon134","Gibbon134",3,"1_S",3,1,2,"Serious research misconduct is already common enough to pose a major threat to the research literature",3,4,4,1,5,4,3,3,4,4,5,1,2,4,2,2,3,3,4,5,5,5,"positive - it provides a route for speedy commentary when concerns are discovered","Strongly agree",4,2,3,1,"Agree","Agree",1,5,2,2,1,5,4,4,2,5,5,5,4,4,5,3,3,5,5,5,1,3,3,"Agree","Serious research misconduct is already common enough to pose a major threat to the research literature",5,4,5,5,4,5,5,3,5,3,4,5,3,3,3,5,5,5,5,4,2,"Strongly disagree",4,3,4,5,4,4,4,"Agree, regardless of outcome of investigation","Strongly agree",5,3,4,4,5,2,5,5,3,4,5,5,5,4,5,3,4,4,5,5,5,2,3,3,4,3,5,4,4,4,3,4,4,4,4,5,4,5,4,3,4,5,5,5
"cm60tf1ja01o1jx08mq3mirni",NA,"Giraffe368",NA,2,NA,2,1,3,"Serious research misconduct is becoming more prevalent and starting to pose a threat to the research literature",1,2,5,4,3,1,3,2,4,3,3,5,5,2,3,5,2,3,5,2,4,5,"neither positive nor negative on balance","Strongly agree",2,3,1,2,"Agree","Agree",5,1,1,1,1,3,5,2,5,5,4,2,4,5,5,5,5,5,5,3,3,3,4,"Agree",NA,NA,NA,NA,NA,NA,NA,NA,NA,NA,NA,NA,NA,NA,NA,NA,NA,NA,NA,NA,NA,NA,NA,NA,NA,NA,NA,NA,NA,NA,NA,NA,NA,NA,NA,NA,NA,NA,NA,NA,NA,NA,NA,NA,NA,NA,NA,NA,NA,NA,NA,NA,NA,NA,NA,NA,NA,NA,NA,NA,NA,NA,NA,NA,NA,NA,NA,NA,NA,NA,NA,NA,NA,NA,NA,NA
"cm5picz340131l208oq5n5oz7",NA,"Goat965",NA,2,NA,1,3,3,"Serious research misconduct is already common enough to pose a major threat to the research literature",5,4,3,4,5,4,2,3,4,4,3,5,3,4,2,4,4,4,3,3,4,4,"neither positive nor negative on balance","Moderately agree",2,3,1,3,"Agree","Agree",5,2,2,3,4,1,5,4,5,5,3,5,4,4,5,5,4,3,1,4,1,2,4,"Agree",NA,NA,NA,NA,NA,NA,NA,NA,NA,NA,NA,NA,NA,NA,NA,NA,NA,NA,NA,NA,NA,NA,NA,NA,NA,NA,NA,NA,NA,NA,NA,NA,NA,NA,NA,NA,NA,NA,NA,NA,NA,NA,NA,NA,NA,NA,NA,NA,NA,NA,NA,NA,NA,NA,NA,NA,NA,NA,NA,NA,NA,NA,NA,NA,NA,NA,NA,NA,NA,NA,NA,NA,NA,NA,NA,NA
"cm5ti357500f5lc08qxcoowm8","cm72e1yia0035i308kwwruo4b","Goose874","Goose874",2,"2_R",1,3,1,"Serious research misconduct is rare relative to the amount of published research literature",5,5,4,3,5,4,1,2,4,2,1,4,1,1,5,2,2,1,1,1,4,4,"predominantly negative - it makes it too easy for vexatious individuals to raise unwarranted complaints, often under the guise of anonymity ","Strongly disagree",1,4,1,4,"Disagree","Neutral",1,2,2,2,5,2,5,4,5,5,1,1,1,5,5,5,3,5,4,1,4,5,3,"Disagree","Serious research misconduct is rare relative to the amount of published research literature",5,2,2,2,5,1,3,2,1,5,2,2,2,2,1,1,4,4,1,1,1,"Strongly disagree",5,1,5,1,1,2,1,"Agree, but only if investigation found evidence of serious research misconduct","Neutral",5,1,4,2,4,5,1,4,3,5,5,1,2,1,5,5,5,2,3,2,1,3,5,5,NA,5,3,1,1,4,5,5,5,1,5,1,1,1,1,3,1,1,3,1
"cm5l8voo10217mh08ebt3ng47","cm6qkndjt0003l508qk646vjy","Gorilla335","Gorilla335",2,"3_O",NA,1,3,"Serious research misconduct is rare relative to the amount of published research literature",5,4,2,1,4,3,2,3,4,2,3,2,2,2,2,2,3,3,4,2,5,4,"predominantly negative - it makes it too easy for vexatious individuals to raise unwarranted complaints, often under the guise of anonymity ","Moderately agree",4,2,3,1,"Neutral","Agree",1,3,4,2,5,2,4,2,5,5,2,5,2,5,2,4,3,4,3,5,2,3,3,"Agree","Serious research misconduct is already common enough to pose a major threat to the research literature",5,4,4,4,3,4,4,3,3,4,4,3,3,4,5,3,5,5,3,1,1,"Moderately agree",5,5,4,3,4,4,4,"Agree, but only if investigation found evidence of serious research misconduct","Agree",5,3,3,4,3,2,2,4,3,5,5,4,4,2,3,4,5,4,4,4,5,2,4,4,2,2,4,3,3,4,3,3,4,3,2,5,4,4,3,3,1,2,5,3
"cm5pito9k01enl208bah77o6k","cm6p0tz7r02thla0813eqz1ff","Grasshopper164","Grasshopper164",2,"2_R",1,3,2,"Serious research misconduct is rare relative to the amount of published research literature",5,5,3,4,3,4,2,4,4,3,2,4,3,3,3,2,4,2,2,2,5,5,"neither positive nor negative on balance","Strongly disagree",4,2,3,1,"Agree","Agree",1,4,5,2,3,3,5,5,5,5,2,5,3,5,5,2,2,5,5,2,2,3,4,"Agree","Serious research misconduct is already common enough to pose a major threat to the research literature",5,4,5,4,5,5,4,5,2,4,4,3,1,3,4,2,5,5,5,2,2,"Strongly disagree",4,5,4,5,3,3,4,"Agree, but only if investigation found evidence of serious research misconduct","Strongly agree",4,5,4,5,5,3,5,5,5,5,5,5,5,5,5,5,4,4,5,5,4,4,2,5,1,2,4,4,2,4,2,1,1,1,3,4,3,4,4,5,5,4,5,5
"cm5msbu6j002lky08zjzf1x66","cm6p1oe5p02dxjy08ysnc2zu3","Hamster906","Hamster906",3,"3_O",1,2,3,"Serious research misconduct is already common enough to pose a major threat to the research literature",5,5,5,5,5,4,4,4,4,5,5,5,5,5,5,5,5,5,1,1,5,5,"positive - it provides a route for speedy commentary when concerns are discovered","Neither agree nor disagree",1,4,3,4,"Agree","Agree",4,5,4,4,3,5,5,5,5,5,5,4,3,5,5,1,2,5,5,5,4,3,3,"Agree","Serious research misconduct is rare relative to the amount of published research literature",5,5,5,5,5,5,5,5,3,5,5,4,4,5,1,3,3,3,3,3,3,"Strongly agree",2,3,3,3,3,2,3,"Agree, regardless of outcome of investigation","Strongly agree",4,1,2,3,5,3,4,5,5,5,5,3,3,4,3,5,1,2,5,3,4,1,2,3,3,3,3,2,2,3,5,2,2,2,2,5,5,2,4,4,3,3,5,2
"cm5u6u33c00j3ky08v8ai6g77","cm73torc101u7jl08dqji7kaz","Hare442","Hare442",2,"3_O",2,3,3,"Serious research misconduct is becoming more prevalent and starting to pose a threat to the research literature",5,4,3,3,5,4,2,4,4,NA,5,3,3,2,2,4,3,4,5,4,5,4,"neither positive nor negative on balance","Strongly agree",1,4,3,3,"Disagree","Agree",2,3,5,5,5,5,5,5,5,5,5,3,5,2,5,2,2,5,5,5,4,4,4,"Agree","Serious research misconduct is becoming more prevalent and starting to pose a threat to the research literature",4,4,5,3,5,4,4,4,3,3,3,3,5,4,3,3,5,5,4,1,2,"Strongly agree",2,3,2,2,2,5,5,"Agree, but only if investigation found evidence of serious research misconduct","Strongly agree",2,2,2,3,4,2,5,5,4,5,5,5,5,4,4,5,2,2,5,5,5,3,2,4,3,4,4,4,2,3,2,5,2,2,3,2,2,4,4,4,2,3,4,4
"cm5l265sd00xjla084agm11a0","cm6p4jha401qpl708w5w9dtie","Hare610","Hare610",3,"1_S",1,3,2,"Serious research misconduct is rare relative to the amount of published research literature",5,3,5,4,2,4,2,3,3,4,5,1,2,5,1,4,5,2,4,2,3,3,"positive - it provides a route for speedy commentary when concerns are discovered","Moderately agree",3,1,4,2,"Agree","Agree",1,5,4,3,2,2,5,4,5,5,5,4,4,5,5,3,4,5,5,5,2,3,5,"Agree","Serious research misconduct is rare relative to the amount of published research literature",5,3,3,4,5,3,3,4,4,2,5,5,3,5,4,4,4,3,3,4,4,"Strongly agree",4,1,4,4,3,4,5,"Agree, but only if investigation found evidence of serious research misconduct","Strongly agree",3,2,4,4,5,2,2,4,4,5,5,1,4,5,5,5,3,3,5,5,5,1,2,5,2,2,3,5,4,5,2,4,4,5,4,4,1,2,4,4,1,5,5,5
"cm5l5gkso00lvmh08m3xsurkp","cm6p1jhg90079l708ps5w8928","Hedgehog162","Hedgehog162",1,"1_S",1,3,2,"Serious research misconduct is already common enough to pose a major threat to the research literature",4,3,2,1,5,4,1,2,3,5,4,5,5,NA,1,4,2,3,4,4,5,5,"neither positive nor negative on balance","Strongly agree",4,4,4,1,"Agree","Agree",1,4,3,2,2,5,5,4,5,5,4,5,3,5,4,2,5,5,3,4,1,5,3,"Agree","Serious research misconduct is already common enough to pose a major threat to the research literature",5,5,4,4,5,5,5,5,5,4,4,3,4,2,5,5,4,5,4,5,5,"Strongly agree",2,2,1,4,5,3,4,"Agree, regardless of outcome of investigation","Strongly agree",5,2,3,5,5,2,5,5,5,5,5,5,5,4,5,5,3,5,5,5,5,3,5,4,3,1,4,5,5,4,5,5,2,5,4,4,4,3,4,4,3,3,3,4
"cm5l41gj301ehla08fjfz59fv","cm6qthtx10005jp08u6imqjid","Heron910","Heron910",2,"3_O",2,1,3,"Serious research misconduct is already common enough to pose a major threat to the research literature",4,5,2,1,3,1,2,3,4,2,4,5,3,2,1,3,3,3,4,5,3,2,"predominantly negative - it makes it too easy for vexatious individuals to raise unwarranted complaints, often under the guise of anonymity ","Strongly agree",4,1,3,2,"Neutral","Agree",5,3,2,4,2,3,4,2,5,4,3,5,4,3,4,3,4,5,2,4,1,2,3,"Agree","Serious research misconduct is rare relative to the amount of published research literature",5,4,3,2,3,4,5,3,4,5,4,2,3,4,4,4,3,2,3,2,1,"Moderately agree",2,3,2,4,3,5,4,"Agree, but only if investigation found evidence of serious research misconduct","Agree",2,3,4,4,4,3,4,4,4,5,4,2,4,5,4,5,4,2,4,2,5,3,3,3,5,3,4,4,5,1,4,4,4,4,3,4,4,2,3,3,2,3,3,3
"cm5uvbv0m001rjp08mbl977fj","cm737wcpa005zjv08h7kokz84","Herring175","Herring175",1,"1_S",1,3,2,"Serious research misconduct is already common enough to pose a major threat to the research literature",3,5,5,2,4,4,2,4,3,3,5,2,2,4,1,3,3,4,3,2,5,4,"positive - it provides a route for speedy commentary when concerns are discovered","Moderately agree",4,2,3,1,"Agree","Neutral",1,5,4,3,2,2,3,4,5,5,2,5,5,3,5,2,2,5,4,5,2,4,3,"Neutral","Serious research misconduct is already common enough to pose a major threat to the research literature",3,4,5,2,4,3,2,1,4,3,3,4,2,3,4,4,5,2,5,3,3,"Strongly agree",1,2,3,5,4,3,2,"Neutral","Neutral",5,1,3,4,5,1,4,5,4,5,3,2,5,4,5,3,2,2,4,5,2,2,4,4,3,3,3,3,3,3,3,3,3,3,3,3,3,3,3,3,3,3,3,3
"cm5kyq083007xjg08u507pk1y",NA,"Hippopotamus141",NA,2,NA,2,3,2,"Serious research misconduct is becoming more prevalent and starting to pose a threat to the research literature",5,4,2,1,3,3,1,2,4,3,2,4,4,5,2,3,4,5,2,3,5,4,"predominantly negative - it makes it too easy for vexatious individuals to raise unwarranted complaints, often under the guise of anonymity ","Moderately agree",4,2,1,3,"Agree","Neutral",3,1,1,2,1,4,4,3,4,5,5,5,4,3,4,4,2,1,3,3,2,3,4,"Disagree",NA,NA,NA,NA,NA,NA,NA,NA,NA,NA,NA,NA,NA,NA,NA,NA,NA,NA,NA,NA,NA,NA,NA,NA,NA,NA,NA,NA,NA,NA,NA,NA,NA,NA,NA,NA,NA,NA,NA,NA,NA,NA,NA,NA,NA,NA,NA,NA,NA,NA,NA,NA,NA,NA,NA,NA,NA,NA,NA,NA,NA,NA,NA,NA,NA,NA,NA,NA,NA,NA,NA,NA,NA,NA,NA,NA
"cm5ld5deg0087lh08ik2dovpx","cm6pfe5p00097le08nbthiuk0","Horse784","Horse784",1,"1_S",1,3,2,"Serious research misconduct is already common enough to pose a major threat to the research literature",5,5,5,2,2,4,3,4,4,5,5,1,2,2,1,1,3,1,5,5,5,5,"neither positive nor negative on balance","Strongly agree",4,1,3,2,"Agree","Agree",3,2,4,1,5,5,5,5,5,5,3,5,5,2,3,5,5,5,5,5,1,2,1,"Agree","Serious research misconduct is already common enough to pose a major threat to the research literature",5,4,4,4,4,5,2,5,3,3,4,4,3,4,5,3,4,2,4,2,5,"Strongly agree",1,4,2,5,4,3,5,"Agree, but only if investigation found evidence of serious research misconduct","Strongly agree",5,1,1,3,5,2,5,5,5,5,5,5,5,5,1,2,5,5,5,5,5,2,2,4,2,2,3,5,4,1,3,3,5,5,2,2,4,5,5,1,1,5,4,5
"cm5v8sdhd00afl708uzqgmk1h","cm74o8az0002hl208paa7crwq","Hyena862","Hyena862",3,"2_R",3,2,1,"Serious research misconduct is rare relative to the amount of published research literature",5,4,4,4,5,4,2,2,4,NA,NA,3,NA,NA,NA,NA,NA,NA,3,3,4,3,"predominantly negative - it makes it too easy for vexatious individuals to raise unwarranted complaints, often under the guise of anonymity ","Neither agree nor disagree",1,3,1,3,"Agree","Disagree",1,3,3,4,5,2,4,NA,4,4,1,4,3,4,3,4,1,2,2,3,3,3,3,"Disagree","Serious research misconduct is rare relative to the amount of published research literature",5,4,4,4,5,2,4,NA,4,NA,NA,NA,NA,5,5,4,5,5,2,1,1,"Moderately disagree",5,1,5,1,1,2,1,"Agree, but only if investigation found evidence of serious research misconduct","Disagree",5,3,4,3,1,5,3,3,NA,4,4,1,5,3,3,5,5,1,3,1,3,2,3,2,1,1,4,4,2,4,3,4,4,4,4,4,1,1,2,4,3,2,1,3
"cm5s6w39h004vin08mp1dlj7p","cm6v0t6p800alib082q40x5n0","Ibis425","Ibis425",3,"3_O",3,2,1,"Serious research misconduct is rare relative to the amount of published research literature",5,3,1,2,4,1,1,3,4,5,3,3,5,2,2,3,2,1,1,1,4,5,"neither positive nor negative on balance","Moderately agree",4,1,2,4,"Disagree","Agree",1,4,3,2,5,2,5,2,4,4,1,5,5,4,4,4,5,2,1,5,2,5,4,"Neutral","Serious research misconduct is rare relative to the amount of published research literature",5,3,3,1,1,2,5,5,1,5,3,2,4,2,2,1,4,4,4,1,2,"Neither agree nor disagree",2,5,3,2,2,3,3,"Neutral","Agree",5,2,2,3,2,4,3,5,1,5,4,1,5,4,4,5,4,4,2,1,3,2,5,4,1,1,1,5,NA,5,5,5,4,4,3,5,4,1,5,4,4,1,1,1
"cm5l1kv40010tjg08fis7wvr5","cm71wj56t01jpkv08cf47yu2l","Iguana153","Iguana153",1,"1_S",2,1,3,"Serious research misconduct is becoming more prevalent and starting to pose a threat to the research literature",5,4,4,3,4,4,2,3,4,5,5,4,5,4,2,3,4,4,4,3,5,4,"positive - it provides a route for speedy commentary when concerns are discovered","Moderately agree",4,3,2,1,"Agree","Agree",3,3,4,2,2,5,5,5,5,5,4,3,4,3,3,3,3,4,4,4,2,5,4,"Neutral","Serious research misconduct is already common enough to pose a major threat to the research literature",4,4,4,4,5,4,3,5,3,4,4,4,4,3,4,3,5,4,3,4,4,"Moderately agree",3,3,2,4,4,3,5,"Neutral","Agree",3,3,4,4,4,2,3,5,5,5,5,4,3,4,3,3,4,3,4,5,3,2,4,4,3,1,4,4,4,5,3,3,3,4,4,4,4,2,4,2,3,3,4,4
"cm60qfcbq006bjx082jwz1nen",NA,"Jackal570",NA,2,NA,3,2,1,"Serious research misconduct is already common enough to pose a major threat to the research literature",5,3,3,3,5,3,1,2,4,5,4,2,2,3,1,2,2,3,3,2,5,4,"predominantly negative - it makes it too easy for vexatious individuals to raise unwarranted complaints, often under the guise of anonymity ","Moderately agree",1,3,2,4,"Agree","Agree",1,2,3,5,4,2,5,3,5,5,5,5,4,5,4,3,3,4,5,4,3,5,4,"Agree",NA,NA,NA,NA,NA,NA,NA,NA,NA,NA,NA,NA,NA,NA,NA,NA,NA,NA,NA,NA,NA,NA,NA,NA,NA,NA,NA,NA,NA,NA,NA,NA,NA,NA,NA,NA,NA,NA,NA,NA,NA,NA,NA,NA,NA,NA,NA,NA,NA,NA,NA,NA,NA,NA,NA,NA,NA,NA,NA,NA,NA,NA,NA,NA,NA,NA,NA,NA,NA,NA,NA,NA,NA,NA,NA,NA
"cm5yb7hac00ujky08xjaqhj35","cm6scfyws00nvif08pnexexf1","Jaguar310","Jaguar310",3,"3_O",3,1,2,"Serious research misconduct is already common enough to pose a major threat to the research literature",5,5,4,4,5,4,4,4,4,5,3,3,3,3,3,4,3,5,3,3,5,4,"neither positive nor negative on balance","Moderately agree",1,3,2,4,"Agree","Agree",2,4,5,1,3,2,5,4,5,5,5,3,3,4,4,3,4,5,5,2,2,3,1,"Neutral","Serious research misconduct is rare relative to the amount of published research literature",5,5,3,4,4,3,5,5,4,4,3,4,4,4,3,4,5,4,3,3,3,"Moderately agree",5,3,4,4,3,3,3,"Agree, but only if investigation found evidence of serious research misconduct","Agree",3,4,4,5,4,4,4,5,4,4,5,4,3,4,5,4,2,4,4,5,3,3,5,4,3,3,3,4,3,5,3,4,4,5,4,5,3,4,5,4,5,3,5,4
"cm5l83jwf008bjr08pn7n55vl","cm6p9mdjc00a3la08xvphws3b","Kangaroo445","Kangaroo445",1,"1_S",3,1,2,"Serious research misconduct is already common enough to pose a major threat to the research literature",3,4,4,2,2,4,3,3,2,3,5,2,3,3,2,2,3,3,4,4,5,2,"positive - it provides a route for speedy commentary when concerns are discovered","Moderately agree",2,3,1,4,"Neutral","Neutral",3,1,2,3,4,5,4,3,4,4,2,4,3,3,3,1,1,4,5,5,3,4,4,"Agree","Serious research misconduct is already common enough to pose a major threat to the research literature",3,4,4,4,5,3,3,3,4,3,4,4,4,3,4,4,5,3,5,4,4,"Strongly agree",3,3,2,3,1,4,3,"Neutral","Agree",4,2,2,2,4,5,5,5,5,5,5,1,5,5,4,4,2,3,4,5,4,4,4,5,2,3,1,4,3,4,1,4,2,2,5,5,1,1,3,3,1,4,5,5
"cm5o5k6kc00ydla081vl2qr2b","cm6p87zp000tlkq08mm1pqx63","Koala962","Koala962",2,"2_R",3,1,2,"Serious research misconduct is rare relative to the amount of published research literature",3,5,4,3,3,3,2,3,4,4,1,3,4,1,2,2,2,3,2,1,5,4,"positive - it provides a route for speedy commentary when concerns are discovered","Moderately disagree",3,4,1,2,"Agree","Agree",2,1,3,5,4,4,5,4,4,3,2,4,4,3,4,4,2,3,4,2,1,4,2,"Agree","Serious research misconduct is rare relative to the amount of published research literature",4,5,3,2,3,5,4,5,2,4,3,2,3,2,4,2,4,5,5,2,2,"Moderately disagree",5,2,3,4,1,3,4,"Agree, but only if investigation found evidence of serious research misconduct","Strongly agree",4,5,3,1,2,2,3,5,4,5,4,2,4,3,3,2,5,4,3,4,3,2,2,2,3,3,2,5,4,3,2,2,1,3,4,5,4,2,4,2,3,2,5,4
"cm5l1j0ps00p3la08jbjoe5fh","cm6xu349g00ujgy08us9ktfpc","Lemming439","Lemming439",1,"3_O",1,2,3,"Serious research misconduct is already common enough to pose a major threat to the research literature",5,5,4,2,5,3,1,4,2,5,5,5,4,3,1,5,3,3,4,3,5,5,"positive - it provides a route for speedy commentary when concerns are discovered","Strongly agree",1,3,4,2,"Agree","Agree",2,5,4,3,1,5,5,5,5,5,5,5,5,4,4,3,3,5,5,4,1,4,4,"Agree","Serious research misconduct is already common enough to pose a major threat to the research literature",5,5,5,5,5,5,5,4,4,2,4,3,5,4,4,4,5,5,5,5,5,"Moderately disagree",2,3,2,3,3,4,4,"Agree, regardless of outcome of investigation","Strongly agree",5,1,4,3,4,1,5,5,4,5,5,5,5,4,4,5,2,3,5,4,4,3,3,4,5,4,5,4,3,2,4,4,4,3,3,4,4,3,3,2,2,3,5,4
"cm5l2ne8v0107la08oload7i3","cm6qjg6by01wvjj09y20t3sov","Lemur422","Lemur422",3,"3_O",3,2,2,"Serious research misconduct is becoming more prevalent and starting to pose a threat to the research literature",4,5,4,3,5,2,3,4,4,3,5,5,4,5,2,5,3,2,5,5,5,4,"neither positive nor negative on balance","Moderately agree",2,1,1,2,"Neutral","Agree",1,1,3,2,2,5,4,3,3,4,2,4,5,5,3,5,3,2,1,5,3,4,2,"Neutral","Serious research misconduct is becoming more prevalent and starting to pose a threat to the research literature",5,4,5,3,5,4,5,5,3,2,3,5,4,4,3,3,4,4,3,1,2,"Neither agree nor disagree",5,4,5,5,5,2,3,"Neutral","Agree",3,5,5,4,4,3,5,5,2,4,5,3,4,5,5,3,5,4,2,1,5,4,4,3,5,4,5,5,4,2,3,3,3,3,4,4,3,2,3,4,4,3,4,5
"cm5l59n0k00glmh08yx2babvr","cm6um94p200gfla08w9cd1on9","Leopard98","Leopard98",2,"2_R",3,1,2,"Serious research misconduct is becoming more prevalent and starting to pose a threat to the research literature",5,4,3,1,2,4,1,3,2,3,4,5,1,2,2,3,1,2,5,4,2,3,"positive - it provides a route for speedy commentary when concerns are discovered","Moderately agree",3,1,3,4,"Agree","Neutral",5,1,3,2,4,4,5,5,4,5,4,5,4,3,4,4,5,5,5,3,2,5,5,"Neutral","Serious research misconduct is rare relative to the amount of published research literature",5,4,2,1,5,4,1,2,1,5,3,3,2,1,4,1,5,3,5,3,5,"Moderately disagree",3,4,4,5,1,4,2,"Agree, but only if investigation found evidence of serious research misconduct","Agree",4,1,2,3,5,3,4,5,5,5,5,3,5,5,5,3,4,4,5,5,4,2,5,5,2,3,3,5,4,3,2,4,3,2,5,1,2,3,5,3,2,5,1,3
"cm617ik01000pl108zryjf1ql",NA,"Llama770",NA,1,NA,3,1,2,"Serious research misconduct is becoming more prevalent and starting to pose a threat to the research literature",5,4,1,3,5,4,3,3,4,2,4,4,4,5,2,5,3,3,3,5,5,4,"positive - it provides a route for speedy commentary when concerns are discovered","Strongly agree",4,2,2,1,"Agree","Agree",1,4,3,2,1,4,4,5,5,5,5,5,5,5,3,4,4,5,5,5,2,3,3,"Agree",NA,NA,NA,NA,NA,NA,NA,NA,NA,NA,NA,NA,NA,NA,NA,NA,NA,NA,NA,NA,NA,NA,NA,NA,NA,NA,NA,NA,NA,NA,NA,NA,NA,NA,NA,NA,NA,NA,NA,NA,NA,NA,NA,NA,NA,NA,NA,NA,NA,NA,NA,NA,NA,NA,NA,NA,NA,NA,NA,NA,NA,NA,NA,NA,NA,NA,NA,NA,NA,NA,NA,NA,NA,NA,NA,NA
"cm60tpb4u01q5jx08uftahyfi","cm6p4zd8k023vl708cio644s3","Lobster691","Lobster691",2,"2_R",1,2,3,"Serious research misconduct is becoming more prevalent and starting to pose a threat to the research literature",3,3,4,5,4,4,3,2,4,4,4,4,4,4,3,3,4,4,5,5,5,4,"predominantly negative - it makes it too easy for vexatious individuals to raise unwarranted complaints, often under the guise of anonymity ","Moderately agree",2,4,1,3,"Agree","Agree",5,5,5,5,5,5,5,4,5,NA,5,5,5,5,5,5,5,4,5,4,4,4,5,"Agree","Serious research misconduct is becoming more prevalent and starting to pose a threat to the research literature",4,4,4,4,4,4,5,4,4,4,4,4,4,3,4,4,5,3,4,3,4,"Moderately agree",4,3,4,3,4,4,4,"Agree, but only if investigation found evidence of serious research misconduct","Agree",3,4,4,4,4,5,4,5,3,5,4,4,3,4,4,5,4,4,4,5,4,4,4,4,4,4,5,5,4,4,4,4,4,4,5,5,4,5,5,5,4,4,4,5
"cm5qnq40f00s9l408i26jz75x","cm6yyxxau00fvla08oc5jh4wx","Lynx353","Lynx353",1,"1_S",2,3,2,"Serious research misconduct is already common enough to pose a major threat to the research literature",5,5,4,1,5,4,3,4,4,2,5,3,4,5,2,2,3,1,5,4,5,1,"neither positive nor negative on balance","Strongly agree",4,2,3,1,"Agree","Agree",3,4,5,1,2,4,5,5,5,5,5,5,5,5,5,4,5,5,5,5,1,1,5,"Agree","Serious research misconduct is already common enough to pose a major threat to the research literature",5,4,5,2,5,5,2,2,5,2,2,4,1,3,5,5,5,2,5,5,5,"Moderately agree",3,5,4,5,4,5,5,"Agree, regardless of outcome of investigation","Strongly agree",5,4,4,5,5,3,3,3,5,5,5,3,5,5,5,4,3,5,5,5,5,1,3,5,4,4,2,5,4,3,2,4,5,5,4,4,4,3,5,3,4,4,4,5
"cm616ramm01g9la086t28m3jl",NA,"Mongoose675",NA,1,NA,2,2,3,"Serious research misconduct is already common enough to pose a major threat to the research literature",5,5,5,3,5,4,3,3,4,4,4,5,5,4,3,5,5,3,5,5,5,4,"neither positive nor negative on balance","Strongly agree",3,4,3,3,"Agree","Agree",4,5,4,5,5,5,5,5,5,5,3,5,5,4,4,3,4,4,5,5,4,4,5,"Agree",NA,NA,NA,NA,NA,NA,NA,NA,NA,NA,NA,NA,NA,NA,NA,NA,NA,NA,NA,NA,NA,NA,NA,NA,NA,NA,NA,NA,NA,NA,NA,NA,NA,NA,NA,NA,NA,NA,NA,NA,NA,NA,NA,NA,NA,NA,NA,NA,NA,NA,NA,NA,NA,NA,NA,NA,NA,NA,NA,NA,NA,NA,NA,NA,NA,NA,NA,NA,NA,NA,NA,NA,NA,NA,NA,NA
"cm5vhubdc000nlc08lekayzac",NA,"Monkey338",NA,3,NA,3,2,3,"Serious research misconduct is already common enough to pose a major threat to the research literature",3,4,3,4,3,4,3,4,4,3,4,2,3,NA,4,3,3,3,3,3,5,4,"positive - it provides a route for speedy commentary when concerns are discovered","Moderately agree",2,3,3,2,"Agree","Agree",2,3,3,2,2,3,5,5,5,5,5,3,4,5,5,5,4,5,5,4,4,3,4,"Agree",NA,NA,NA,NA,NA,NA,NA,NA,NA,NA,NA,NA,NA,NA,NA,NA,NA,NA,NA,NA,NA,NA,NA,NA,NA,NA,NA,NA,NA,NA,NA,NA,NA,NA,NA,NA,NA,NA,NA,NA,NA,NA,NA,NA,NA,NA,NA,NA,NA,NA,NA,NA,NA,NA,NA,NA,NA,NA,NA,NA,NA,NA,NA,NA,NA,NA,NA,NA,NA,NA,NA,NA,NA,NA,NA,NA
"cm5pduugp01hfmk08ujuspy85",NA,"Moose83",NA,2,NA,1,1,1,"Serious research misconduct is becoming more prevalent and starting to pose a threat to the research literature",5,5,5,5,5,4,4,4,4,4,4,4,3,4,4,4,4,4,3,3,3,4,"predominantly negative - it makes it too easy for vexatious individuals to raise unwarranted complaints, often under the guise of anonymity ","Neither agree nor disagree",3,3,3,4,"Neutral","Neutral",4,3,5,4,4,4,4,4,4,4,4,3,3,3,4,3,5,4,4,3,4,4,4,"Neutral",NA,NA,NA,NA,NA,NA,NA,NA,NA,NA,NA,NA,NA,NA,NA,NA,NA,NA,NA,NA,NA,NA,NA,NA,NA,NA,NA,NA,NA,NA,NA,NA,NA,NA,NA,NA,NA,NA,NA,NA,NA,NA,NA,NA,NA,NA,NA,NA,NA,NA,NA,NA,NA,NA,NA,NA,NA,NA,NA,NA,NA,NA,NA,NA,NA,NA,NA,NA,NA,NA,NA,NA,NA,NA,NA,NA
"cm5v6ppxs00ybmn088mbaqmlv","cm72431n400jbl408i9p0ee6r","Moth805","Moth805",1,"1_S",3,2,1,"Serious research misconduct is already common enough to pose a major threat to the research literature",4,5,5,3,5,3,2,4,3,5,4,4,4,3,4,4,2,3,5,3,5,2,"predominantly negative - it makes it too easy for vexatious individuals to raise unwarranted complaints, often under the guise of anonymity ","Moderately agree",4,3,1,2,"Agree","Neutral",1,4,3,5,2,3,5,3,5,5,3,5,3,4,4,4,3,4,2,4,4,5,3,"Agree","Serious research misconduct is becoming more prevalent and starting to pose a threat to the research literature",5,4,4,4,5,4,4,4,5,3,4,3,4,4,5,5,4,3,3,1,2,"Moderately agree",4,1,5,3,1,4,3,"Agree, but only if investigation found evidence of serious research misconduct","Agree",5,3,3,2,4,1,4,5,4,4,5,2,5,4,5,4,5,3,4,3,5,3,5,5,5,3,5,4,1,2,5,4,4,4,2,5,3,3,5,4,5,2,3,4
"cm5lkakl800m7mk086afmrd0f","cm6rhyyi2004vju0843wxfh58","Muskrat190","Muskrat190",1,"1_S",3,1,2,"Serious research misconduct is already common enough to pose a major threat to the research literature",3,5,5,4,5,4,2,3,4,4,5,2,1,5,1,4,4,4,4,5,5,5,"positive - it provides a route for speedy commentary when concerns are discovered","Strongly agree",4,2,3,1,"Agree","Agree",5,4,3,2,1,5,4,5,4,3,2,5,4,5,5,1,1,5,5,5,5,2,1,"Neutral","Serious research misconduct is already common enough to pose a major threat to the research literature",4,5,5,4,5,4,5,4,5,3,5,5,5,5,5,5,4,3,5,4,4,"Strongly agree",1,4,2,4,5,3,4,"Agree, regardless of outcome of investigation","Strongly agree",4,2,4,4,5,1,5,4,5,5,4,4,4,4,4,5,1,1,5,5,5,5,3,4,3,1,5,1,1,5,5,5,1,1,1,1,1,1,5,4,1,1,4,1
"cm5l3dc4l00bxif080sb3nek0","cm6p251er00fjl7081ufc90d0","Narwhal27","Narwhal27",3,"1_S",1,2,3,"Serious research misconduct is rare relative to the amount of published research literature",1,3,5,4,2,4,1,2,3,5,4,2,3,4,3,3,3,4,4,3,5,2,"neither positive nor negative on balance","Moderately agree",2,3,1,4,"Agree","Neutral",3,5,4,1,2,5,3,5,4,2,3,2,3,5,1,4,5,2,2,5,5,4,4,"Disagree","Serious research misconduct is already common enough to pose a major threat to the research literature",3,4,5,3,4,5,3,5,4,5,1,3,4,2,5,4,3,2,3,3,2,"Moderately agree",1,3,5,5,4,3,2,"Agree, but only if investigation found evidence of serious research misconduct","Agree",2,5,5,4,1,4,4,5,1,4,2,2,3,5,5,4,3,4,5,4,4,3,4,1,2,1,5,5,4,3,1,3,3,5,2,4,4,1,2,2,2,1,2,1
"cm5kx7ope000nme08037s7z4d","cm6yx5b9201eple08s1ugkl39","Ocelot100","Ocelot100",3,"3_O",3,2,1,"Serious research misconduct is already common enough to pose a major threat to the research literature",5,4,4,3,5,4,2,3,4,5,4,3,5,5,2,4,4,2,4,4,5,5,"predominantly negative - it makes it too easy for vexatious individuals to raise unwarranted complaints, often under the guise of anonymity ","Neither agree nor disagree",1,2,4,3,"Agree","Agree",5,4,1,2,5,4,5,5,5,5,4,3,4,5,5,3,4,5,5,2,3,5,3,"Agree","Serious research misconduct is becoming more prevalent and starting to pose a threat to the research literature",5,3,5,4,5,4,3,5,4,5,5,3,4,3,4,4,5,4,4,2,2,"Strongly agree",1,2,2,4,5,3,4,"Agree, but only if investigation found evidence of serious research misconduct","Strongly agree",5,1,4,3,5,1,4,5,4,5,5,5,3,3,5,4,2,2,5,5,2,2,4,3,4,3,4,5,2,2,4,2,4,3,4,2,5,4,5,2,3,4,5,2
"cm60ocy6n00a1k108z5c0kqnp","cm74lwm8g0149i908lkxi7e8q","Octopus456","Octopus456",2,"2_R",3,2,3,"Serious research misconduct is rare relative to the amount of published research literature",5,5,4,4,5,4,3,3,4,4,1,4,4,4,1,5,5,4,3,5,3,5,"neither positive nor negative on balance","Strongly disagree",4,1,3,2,"Agree","Agree",5,3,2,1,1,5,5,4,5,5,3,1,2,4,5,5,3,5,4,3,3,4,5,"Disagree","Serious research misconduct is already common enough to pose a major threat to the research literature",5,5,5,5,5,4,5,5,4,4,5,3,5,5,4,4,4,5,3,3,4,"Strongly disagree",4,3,5,3,4,5,1,"Agree, regardless of outcome of investigation","Strongly agree",4,3,5,5,5,1,5,5,4,5,5,5,4,5,5,5,5,3,5,5,1,1,4,5,3,4,4,5,2,1,5,4,5,1,5,3,4,3,4,4,5,4,5,3
"cm5ky991p00n7me08pmsgpe35","cm6p2bqyl00ltl708uwi8y8gx","Okapi462","Okapi462",3,"3_O",1,2,3,"Serious research misconduct is rare relative to the amount of published research literature",5,5,3,3,4,3,4,3,4,3,4,5,5,5,3,5,5,4,5,4,5,4,"neither positive nor negative on balance","Strongly agree",1,3,2,4,"Agree","Agree",1,5,4,3,2,5,4,3,4,5,5,5,5,4,5,1,4,4,5,5,4,3,4,"Agree","Serious research misconduct is becoming more prevalent and starting to pose a threat to the research literature",5,4,3,3,5,5,5,4,5,4,4,5,5,4,5,5,4,4,4,5,4,"Strongly agree",3,4,4,5,5,4,5,"Neutral","Strongly agree",4,3,4,5,5,2,3,4,4,5,5,5,4,5,5,5,4,4,5,5,5,4,5,4,4,4,5,4,2,3,5,4,4,3,5,5,5,5,NA,2,3,3,4,2
"cm5stbzwg00m3la080wi79m46","cm6wcfo520005l508bobmgq8x","Ostrich912","Ostrich912",1,"1_S",3,2,1,"Serious research misconduct is rare relative to the amount of published research literature",5,3,2,1,4,2,1,4,3,3,5,2,4,3,1,2,5,3,4,3,5,4,"neither positive nor negative on balance","Moderately agree",1,4,3,2,"Neutral","Neutral",5,3,2,1,4,3,5,2,4,4,1,5,2,4,4,4,3,4,2,5,3,4,4,"Agree","Serious research misconduct is becoming more prevalent and starting to pose a threat to the research literature",5,2,3,2,5,4,3,4,3,2,3,3,4,5,3,3,5,4,3,3,3,"Moderately agree",1,3,2,4,4,3,3,"Agree, but only if investigation found evidence of serious research misconduct","Agree",5,3,4,2,3,3,1,5,2,5,4,1,5,4,3,4,3,2,4,2,5,2,4,3,4,3,1,5,4,5,2,3,4,5,3,5,3,2,3,4,4,2,4,3
"cm5n0lmga0009ky08fxmhgn24","cm6ws4c8u0091l408dfxxs27l","Otter70","Otter70",2,"2_R",1,3,2,"Serious research misconduct is becoming more prevalent and starting to pose a threat to the research literature",5,5,5,5,5,4,2,3,4,4,4,5,5,3,3,5,4,2,3,3,4,3,"positive - it provides a route for speedy commentary when concerns are discovered","Strongly agree",1,2,4,3,"Agree","Agree",2,3,1,1,1,5,5,4,5,5,3,5,1,1,3,3,4,1,1,1,5,3,1,"Agree","Serious research misconduct is becoming more prevalent and starting to pose a threat to the research literature",5,5,5,4,5,3,5,4,4,5,5,4,5,4,4,4,5,4,4,3,5,"Neither agree nor disagree",3,3,3,4,3,5,4,"Agree, regardless of outcome of investigation","Strongly agree",4,4,3,5,5,2,5,5,5,5,5,5,3,4,4,5,1,1,5,5,3,1,2,5,3,2,3,4,3,2,4,5,4,4,5,3,3,3,3,4,4,4,4,3
"cm5kz7pbv006nmp08tx2sq1wp","cm6p2pbnz00y5l708lnert4uh","Owl928","Owl928",1,"1_S",1,2,3,"Serious research misconduct is already common enough to pose a major threat to the research literature",5,3,4,2,1,4,3,2,1,1,5,1,2,5,1,3,3,4,5,5,4,3,"positive - it provides a route for speedy commentary when concerns are discovered","Strongly agree",1,3,2,4,"Agree","Agree",4,5,3,1,2,5,5,5,5,5,5,5,5,5,5,1,4,5,5,5,1,4,3,"Agree","Serious research misconduct is already common enough to pose a major threat to the research literature",5,3,2,4,5,4,3,5,5,1,3,4,NA,2,5,5,5,5,5,2,5,"Strongly agree",1,3,2,5,4,1,5,"Agree, regardless of outcome of investigation","Strongly agree",1,2,3,4,5,1,5,5,5,5,5,5,5,5,5,5,2,3,5,4,5,4,3,2,5,2,5,4,4,1,2,2,2,3,3,4,5,5,5,2,2,5,5,3
"cm5l0uj0700d9la088jqhxp2z","cm6paj5wz00uxla08ulfb3jiy","Oyster268","Oyster268",2,"2_R",3,1,2,"Serious research misconduct is becoming more prevalent and starting to pose a threat to the research literature",5,5,3,3,5,4,2,3,4,4,4,4,4,3,2,2,2,3,2,2,5,5,"positive - it provides a route for speedy commentary when concerns are discovered","Neither agree nor disagree",4,2,3,1,"Agree","Agree",1,1,1,3,1,5,5,5,5,5,5,4,4,4,4,3,2,4,4,4,1,2,4,"Neutral","Serious research misconduct is rare relative to the amount of published research literature",5,5,5,4,5,5,5,3,3,4,4,4,4,3,3,3,5,4,3,3,3,"Neither agree nor disagree",1,3,4,4,4,2,3,"Agree, regardless of outcome of investigation","Strongly agree",5,5,5,5,5,3,5,5,3,5,5,5,2,2,3,3,5,4,5,5,5,2,4,3,NA,NA,NA,NA,NA,NA,NA,NA,NA,NA,NA,5,NA,NA,NA,NA,5,5,5,NA
"cm5mz9cge005xmi08orzvvsh9","cm6shbq9s007hju08zou51mer","Penguin132","Penguin132",1,"1_S",1,3,2,"Serious research misconduct is already common enough to pose a major threat to the research literature",5,5,5,3,4,3,3,4,4,5,3,5,5,4,1,5,3,3,5,5,4,4,"neither positive nor negative on balance","Strongly agree",4,3,2,1,"Neutral","Agree",1,2,2,3,2,5,5,4,5,5,3,3,3,4,5,4,5,3,5,5,2,2,3,"Agree","Serious research misconduct is already common enough to pose a major threat to the research literature",5,4,2,5,5,5,3,4,5,5,5,4,5,3,5,5,4,3,5,3,3,"Strongly agree",1,3,4,5,3,1,1,"Neutral","Neutral",4,4,5,4,5,1,5,5,4,5,5,3,5,5,5,4,3,3,5,5,5,4,2,3,1,1,5,3,3,2,1,3,4,2,4,4,1,4,4,3,4,4,5,5
"cm5l0hwul00qhjg089u0grkl3","cm6untebr00bxjs08rogq1b7s","Rhinoceros443","Rhinoceros443",1,"1_S",1,3,2,"Serious research misconduct is already common enough to pose a major threat to the research literature",5,4,3,3,4,4,4,4,4,4,5,3,4,5,3,4,3,3,4,5,5,3,"positive - it provides a route for speedy commentary when concerns are discovered","Moderately agree",3,3,3,4,"Agree","Neutral",5,5,5,4,4,4,4,4,4,5,5,5,5,4,5,3,4,5,5,5,5,3,3,"Agree","Serious research misconduct is becoming more prevalent and starting to pose a threat to the research literature",5,5,4,4,5,5,4,5,5,5,5,5,4,4,4,5,5,4,5,5,4,"Moderately agree",4,5,4,5,5,3,4,"Agree, but only if investigation found evidence of serious research misconduct","Agree",5,5,5,5,5,1,5,5,5,4,5,5,4,5,5,4,5,4,4,5,5,4,4,4,3,3,3,5,5,5,4,5,4,5,5,4,5,5,5,5,5,4,5,5
"cm5l7660501jbmh08zvjgrk49",NA,"Shark141",NA,3,NA,3,2,1,"Serious research misconduct is becoming more prevalent and starting to pose a threat to the research literature",5,4,4,3,5,3,2,4,4,5,5,4,5,5,2,3,4,4,5,4,5,4,"positive - it provides a route for speedy commentary when concerns are discovered","Moderately agree",3,3,4,4,"Agree","Agree",5,4,4,5,4,5,5,4,4,5,5,4,4,4,4,5,3,5,4,5,2,4,4,"Agree",NA,NA,NA,NA,NA,NA,NA,NA,NA,NA,NA,NA,NA,NA,NA,NA,NA,NA,NA,NA,NA,NA,NA,NA,NA,NA,NA,NA,NA,NA,NA,NA,NA,NA,NA,NA,NA,NA,NA,NA,NA,NA,NA,NA,NA,NA,NA,NA,NA,NA,NA,NA,NA,NA,NA,NA,NA,NA,NA,NA,NA,NA,NA,NA,NA,NA,NA,NA,NA,NA,NA,NA,NA,NA,NA,NA
"cm5l5u8w200vtmh08q69kytnw","cm70uijjx00x3i8081povsftw","Toad90","Toad90",1,"1_S",1,3,3,"Serious research misconduct is rare relative to the amount of published research literature",4,5,5,2,2,4,3,2,4,3,5,2,4,4,2,5,3,2,4,4,2,3,"positive - it provides a route for speedy commentary when concerns are discovered","Strongly agree",4,1,3,2,"Agree","Agree",4,3,1,2,1,5,4,3,4,4,4,4,5,3,5,2,4,5,5,5,1,2,3,"Neutral","Serious research misconduct is already common enough to pose a major threat to the research literature",5,5,5,4,4,5,5,4,4,2,2,3,4,2,4,4,5,4,5,4,4,"Strongly agree",1,5,4,4,2,2,4,"Agree, regardless of outcome of investigation","Strongly agree",3,2,4,4,5,2,5,4,4,5,5,3,4,5,4,3,3,4,5,5,5,3,3,4,2,4,3,4,3,2,4,5,4,2,4,1,NA,3,2,3,2,4,3,3
"cm5laemvr00n1mh08n7b7uei2","cm6qhc1zf01mbl7084fj4n366","Tortoise82","Tortoise82",1,"1_S",1,2,3,"Serious research misconduct is already common enough to pose a major threat to the research literature",5,5,4,2,3,4,3,2,1,5,5,4,4,4,1,2,4,3,5,4,4,3,"positive - it provides a route for speedy commentary when concerns are discovered","Strongly agree",1,4,2,3,"Agree","Agree",1,5,4,3,2,5,5,5,5,5,5,4,5,4,5,2,1,5,5,5,3,2,2,"Agree","Serious research misconduct is already common enough to pose a major threat to the research literature",5,5,5,5,5,4,3,3,3,3,2,5,3,4,3,3,5,4,5,3,2,"Strongly agree",1,3,2,5,4,2,3,"Agree, regardless of outcome of investigation","Strongly agree",5,2,2,3,4,3,5,5,5,5,5,5,5,4,5,5,2,3,5,5,4,2,2,3,4,1,2,2,2,4,2,2,3,3,4,5,4,3,5,3,2,5,3,5
"cm5kwqkzt00epjq08c3t3hj0b",NA,"Whale51",NA,1,NA,3,3,2,"Serious research misconduct is rare relative to the amount of published research literature",4,5,3,1,1,2,3,4,2,1,5,1,1,2,3,5,1,4,5,2,3,1,"positive - it provides a route for speedy commentary when concerns are discovered","Strongly agree",4,2,3,1,"Disagree","Neutral",4,5,2,3,1,5,5,5,5,5,2,5,4,5,5,1,1,5,5,5,2,5,4,"Disagree",NA,NA,NA,NA,NA,NA,NA,NA,NA,NA,NA,NA,NA,NA,NA,NA,NA,NA,NA,NA,NA,NA,NA,NA,NA,NA,NA,NA,NA,NA,NA,NA,NA,NA,NA,NA,NA,NA,NA,NA,NA,NA,NA,NA,NA,NA,NA,NA,NA,NA,NA,NA,NA,NA,NA,NA,NA,NA,NA,NA,NA,NA,NA,NA,NA,NA,NA,NA,NA,NA,NA,NA,NA,NA,NA,NA
"cm5mpp0b6006bmt08g56e3q50","cm6pkzffg00dxlg080qz5me6q","Wolf45","Wolf45",3,"3_O",3,3,1,"Serious research misconduct is rare relative to the amount of published research literature",3,5,4,2,5,3,1,2,4,3,2,4,3,4,1,5,3,2,3,2,5,4,"neither positive nor negative on balance","Neither agree nor disagree",1,4,2,3,"Agree","Agree",4,5,2,3,3,5,NA,3,4,5,4,3,3,2,4,4,5,1,5,5,1,2,5,"Agree","Serious research misconduct is rare relative to the amount of published research literature",5,3,4,3,3,4,5,2,2,3,3,4,4,4,3,2,5,3,2,3,3,"Neither agree nor disagree",4,2,2,3,5,4,3,"Agree, but only if investigation found evidence of serious research misconduct","Agree",5,3,2,4,3,1,5,4,3,4,5,4,3,3,3,3,5,5,3,4,4,2,2,4,2,3,3,5,3,5,2,3,3,3,1,5,3,2,3,2,4,1,3,3
"cm60l9pt3003vjr08wj1tufxp",NA,"x123",NA,1,NA,3,3,3,"Serious research misconduct is already common enough to pose a major threat to the research literature",5,5,5,5,5,4,4,4,4,5,5,5,5,5,4,5,5,4,5,5,3,3,"neither positive nor negative on balance","Moderately agree",4,1,4,1,"Agree","Agree",5,4,1,1,2,5,5,5,5,5,5,5,5,5,5,4,4,5,5,5,4,3,3,"Agree",NA,NA,NA,NA,NA,NA,NA,NA,NA,NA,NA,NA,NA,NA,NA,NA,NA,NA,NA,NA,NA,NA,NA,NA,NA,NA,NA,NA,NA,NA,NA,NA,NA,NA,NA,NA,NA,NA,NA,NA,NA,NA,NA,NA,NA,NA,NA,NA,NA,NA,NA,NA,NA,NA,NA,NA,NA,NA,NA,NA,NA,NA,NA,NA,NA,NA,NA,NA,NA,NA,NA,NA,NA,NA,NA,NA
NA,"cm702ef02001bk2085pfq9js0",NA,"Chimpanzee338",NA,"1_S",NA,NA,NA,NA,NA,NA,NA,NA,NA,NA,NA,NA,NA,NA,NA,NA,NA,NA,NA,NA,NA,NA,NA,NA,NA,NA,NA,NA,NA,NA,NA,NA,NA,NA,NA,NA,NA,NA,NA,NA,NA,NA,NA,NA,NA,NA,NA,NA,NA,NA,NA,NA,NA,NA,NA,NA,NA,NA,"Serious research misconduct is already common enough to pose a major threat to the research literature",3,4,4,4,3,5,5,5,5,5,4,4,5,3,4,5,5,4,5,5,5,"Strongly agree",5,3,1,4,2,2,3,"Agree, regardless of outcome of investigation","Strongly agree",5,1,3,4,5,1,5,5,5,5,5,5,4,5,5,4,1,1,5,4,4,4,4,5,5,1,3,4,5,2,1,5,3,2,3,5,5,4,3,2,1,4,5,1
